Copyright 1986-2022 Xilinx, Inc. All Rights Reserved. Copyright 2022-2023 Advanced Micro Devices, Inc. All Rights Reserved.
---------------------------------------------------------------------------------------------------------------------------------------------------------------------------------------------------------------------------------
| Tool Version : Vivado v.2023.1 (win64) Build 3865809 Sun May  7 15:05:29 MDT 2023
| Date         : Mon Sep 14 18:22:31 2026
| Host         : Charbel running 64-bit major release  (build 9200)
| Command      : report_timing_summary -max_paths 10 -report_unconstrained -file blinking_led_timing_summary_routed.rpt -pb blinking_led_timing_summary_routed.pb -rpx blinking_led_timing_summary_routed.rpx -warn_on_violation
| Design       : blinking_led
| Device       : 7z010-clg400
| Speed File   : -1  PRODUCTION 1.12 2019-11-22
| Design State : Routed
---------------------------------------------------------------------------------------------------------------------------------------------------------------------------------------------------------------------------------

Timing Summary Report

------------------------------------------------------------------------------------------------
| Timer Settings
| --------------
------------------------------------------------------------------------------------------------

  Enable Multi Corner Analysis               :  Yes
  Enable Pessimism Removal                   :  Yes
  Pessimism Removal Resolution               :  Nearest Common Node
  Enable Input Delay Default Clock           :  No
  Enable Preset / Clear Arcs                 :  No
  Disable Flight Delays                      :  No
  Ignore I/O Paths                           :  No
  Timing Early Launch at Borrowing Latches   :  No
  Borrow Time for Max Delay Exceptions       :  Yes
  Merge Timing Exceptions                    :  Yes

  Corner  Analyze    Analyze    
  Name    Max Paths  Min Paths  
  ------  ---------  ---------  
  Slow    Yes        Yes        
  Fast    Yes        Yes        


------------------------------------------------------------------------------------------------
| Report Methodology
| ------------------
------------------------------------------------------------------------------------------------

Rule       Severity  Description                    Violations  
---------  --------  -----------------------------  ----------  
TIMING-18  Warning   Missing input or output delay  3           

Note: This report is based on the most recent report_methodology run and may not be up-to-date. Run report_methodology on the current design for the latest report.



check_timing report

Table of Contents
-----------------
1. checking no_clock (0)
2. checking constant_clock (0)
3. checking pulse_width_clock (0)
4. checking unconstrained_internal_endpoints (0)
5. checking no_input_delay (2)
6. checking no_output_delay (1)
7. checking multiple_clock (0)
8. checking generated_clocks (0)
9. checking loops (0)
10. checking partial_input_delay (0)
11. checking partial_output_delay (0)
12. checking latch_loops (0)

1. checking no_clock (0)
------------------------
 There are 0 register/latch pins with no clock.


2. checking constant_clock (0)
------------------------------
 There are 0 register/latch pins with constant_clock.


3. checking pulse_width_clock (0)
---------------------------------
 There are 0 register/latch pins which need pulse_width check


4. checking unconstrained_internal_endpoints (0)
------------------------------------------------
 There are 0 pins that are not constrained for maximum delay.

 There are 0 pins that are not constrained for maximum delay due to constant clock.


5. checking no_input_delay (2)
------------------------------
 There are 2 input ports with no input delay specified. (HIGH)

 There are 0 input ports with no input delay but user has a false path constraint.


6. checking no_output_delay (1)
-------------------------------
 There is 1 port with no output delay specified. (HIGH)

 There are 0 ports with no output delay but user has a false path constraint

 There are 0 ports with no output delay but with a timing clock defined on it or propagating through it


7. checking multiple_clock (0)
------------------------------
 There are 0 register/latch pins with multiple clocks.


8. checking generated_clocks (0)
--------------------------------
 There are 0 generated clocks that are not connected to a clock source.


9. checking loops (0)
---------------------
 There are 0 combinational loops in the design.


10. checking partial_input_delay (0)
------------------------------------
 There are 0 input ports with partial input delay specified.


11. checking partial_output_delay (0)
-------------------------------------
 There are 0 ports with partial output delay specified.


12. checking latch_loops (0)
----------------------------
 There are 0 combinational latch loops in the design through latch input



------------------------------------------------------------------------------------------------
| Design Timing Summary
| ---------------------
------------------------------------------------------------------------------------------------

    WNS(ns)      TNS(ns)  TNS Failing Endpoints  TNS Total Endpoints      WHS(ns)      THS(ns)  THS Failing Endpoints  THS Total Endpoints     WPWS(ns)     TPWS(ns)  TPWS Failing Endpoints  TPWS Total Endpoints  
    -------      -------  ---------------------  -------------------      -------      -------  ---------------------  -------------------     --------     --------  ----------------------  --------------------  
      3.403        0.000                      0                   65        0.102        0.000                      0                   65        3.500        0.000                       0                    34  


All user specified timing constraints are met.


------------------------------------------------------------------------------------------------
| Clock Summary
| -------------
------------------------------------------------------------------------------------------------

Clock        Waveform(ns)         Period(ns)      Frequency(MHz)
-----        ------------         ----------      --------------
sys_clk_pin  {0.000 4.000}        8.000           125.000         


------------------------------------------------------------------------------------------------
| Intra Clock Table
| -----------------
------------------------------------------------------------------------------------------------

Clock             WNS(ns)      TNS(ns)  TNS Failing Endpoints  TNS Total Endpoints      WHS(ns)      THS(ns)  THS Failing Endpoints  THS Total Endpoints     WPWS(ns)     TPWS(ns)  TPWS Failing Endpoints  TPWS Total Endpoints  
-----             -------      -------  ---------------------  -------------------      -------      -------  ---------------------  -------------------     --------     --------  ----------------------  --------------------  
sys_clk_pin         3.403        0.000                      0                   65        0.102        0.000                      0                   65        3.500        0.000                       0                    34  


------------------------------------------------------------------------------------------------
| Inter Clock Table
| -----------------
------------------------------------------------------------------------------------------------

From Clock    To Clock          WNS(ns)      TNS(ns)  TNS Failing Endpoints  TNS Total Endpoints      WHS(ns)      THS(ns)  THS Failing Endpoints  THS Total Endpoints  
----------    --------          -------      -------  ---------------------  -------------------      -------      -------  ---------------------  -------------------  


------------------------------------------------------------------------------------------------
| Other Path Groups Table
| -----------------------
------------------------------------------------------------------------------------------------

Path Group    From Clock    To Clock          WNS(ns)      TNS(ns)  TNS Failing Endpoints  TNS Total Endpoints      WHS(ns)      THS(ns)  THS Failing Endpoints  THS Total Endpoints  
----------    ----------    --------          -------      -------  ---------------------  -------------------      -------      -------  ---------------------  -------------------  


------------------------------------------------------------------------------------------------
| User Ignored Path Table
| -----------------------
------------------------------------------------------------------------------------------------

Path Group    From Clock    To Clock    
----------    ----------    --------    


------------------------------------------------------------------------------------------------
| Unconstrained Path Table
| ------------------------
------------------------------------------------------------------------------------------------

Path Group    From Clock    To Clock    
----------    ----------    --------    
(none)        sys_clk_pin                 
(none)                      sys_clk_pin   


------------------------------------------------------------------------------------------------
| Timing Details
| --------------
------------------------------------------------------------------------------------------------


---------------------------------------------------------------------------------------------------
From Clock:  sys_clk_pin
  To Clock:  sys_clk_pin

Setup :            0  Failing Endpoints,  Worst Slack        3.403ns,  Total Violation        0.000ns
Hold  :            0  Failing Endpoints,  Worst Slack        0.102ns,  Total Violation        0.000ns
PW    :            0  Failing Endpoints,  Worst Slack        3.500ns,  Total Violation        0.000ns
---------------------------------------------------------------------------------------------------


Max Delay Paths
--------------------------------------------------------------------------------------
Slack (MET) :             3.403ns  (required time - arrival time)
  Source:                 counter_reg[15]/C
                            (rising edge-triggered cell FDRE clocked by sys_clk_pin  {rise@0.000ns fall@4.000ns period=8.000ns})
  Destination:            counter_reg[0]/R
                            (rising edge-triggered cell FDRE clocked by sys_clk_pin  {rise@0.000ns fall@4.000ns period=8.000ns})
  Path Group:             sys_clk_pin
  Path Type:              Setup (Max at Slow Process Corner)
  Requirement:            8.000ns  (sys_clk_pin rise@8.000ns - sys_clk_pin rise@0.000ns)
  Data Path Delay:        3.877ns  (logic 0.890ns (22.957%)  route 2.987ns (77.043%))
  Logic Levels:           3  (LUT4=1 LUT5=1 LUT6=1)
  Clock Path Skew:        -0.161ns (DCD - SCD + CPR)
    Destination Clock Delay (DCD):    4.973ns = ( 12.972 - 8.000 ) 
    Source Clock Delay      (SCD):    5.410ns
    Clock Pessimism Removal (CPR):    0.277ns
  Clock Uncertainty:      0.035ns  ((TSJ^2 + TIJ^2)^1/2 + DJ) / 2 + PE
    Total System Jitter     (TSJ):    0.071ns
    Total Input Jitter      (TIJ):    0.000ns
    Discrete Jitter          (DJ):    0.000ns
    Phase Error              (PE):    0.000ns

    Location             Delay type                Incr(ns)  Path(ns)    Netlist Resource(s)
  -------------------------------------------------------------------    -------------------
                         (clock sys_clk_pin rise edge)
                                                      0.000     0.000 r  
    K17                                               0.000     0.000 r  sys_clk (IN)
                         net (fo=0)                   0.000     0.000    sys_clk
    K17                  IBUF (Prop_ibuf_I_O)         1.492     1.492 r  sys_clk_IBUF_inst/O
                         net (fo=1, routed)           2.076     3.568    sys_clk_IBUF
    BUFGCTRL_X0Y16       BUFG (Prop_bufg_I_O)         0.101     3.669 r  sys_clk_IBUF_BUFG_inst/O
                         net (fo=33, routed)          1.741     5.410    sys_clk_IBUF_BUFG
    SLICE_X42Y52         FDRE                                         r  counter_reg[15]/C
  -------------------------------------------------------------------    -------------------
    SLICE_X42Y52         FDRE (Prop_fdre_C_Q)         0.518     5.928 r  counter_reg[15]/Q
                         net (fo=2, routed)           1.137     7.065    counter_reg[15]
    SLICE_X43Y52         LUT4 (Prop_lut4_I0_O)        0.124     7.189 f  counter[0]_i_11/O
                         net (fo=1, routed)           0.407     7.596    counter[0]_i_11_n_0
    SLICE_X43Y54         LUT5 (Prop_lut5_I4_O)        0.124     7.720 f  counter[0]_i_6/O
                         net (fo=2, routed)           0.581     8.301    counter[0]_i_6_n_0
    SLICE_X43Y53         LUT6 (Prop_lut6_I5_O)        0.124     8.425 r  counter[0]_i_1/O
                         net (fo=32, routed)          0.862     9.287    counter[0]_i_1_n_0
    SLICE_X42Y49         FDRE                                         r  counter_reg[0]/R
  -------------------------------------------------------------------    -------------------

                         (clock sys_clk_pin rise edge)
                                                      8.000     8.000 r  
    K17                                               0.000     8.000 r  sys_clk (IN)
                         net (fo=0)                   0.000     8.000    sys_clk
    K17                  IBUF (Prop_ibuf_I_O)         1.421     9.421 r  sys_clk_IBUF_inst/O
                         net (fo=1, routed)           1.880    11.301    sys_clk_IBUF
    BUFGCTRL_X0Y16       BUFG (Prop_bufg_I_O)         0.091    11.392 r  sys_clk_IBUF_BUFG_inst/O
                         net (fo=33, routed)          1.580    12.972    sys_clk_IBUF_BUFG
    SLICE_X42Y49         FDRE                                         r  counter_reg[0]/C
                         clock pessimism              0.277    13.249    
                         clock uncertainty           -0.035    13.214    
    SLICE_X42Y49         FDRE (Setup_fdre_C_R)       -0.524    12.690    counter_reg[0]
  -------------------------------------------------------------------
                         required time                         12.690    
                         arrival time                          -9.287    
  -------------------------------------------------------------------
                         slack                                  3.403    

Slack (MET) :             3.403ns  (required time - arrival time)
  Source:                 counter_reg[15]/C
                            (rising edge-triggered cell FDRE clocked by sys_clk_pin  {rise@0.000ns fall@4.000ns period=8.000ns})
  Destination:            counter_reg[1]/R
                            (rising edge-triggered cell FDRE clocked by sys_clk_pin  {rise@0.000ns fall@4.000ns period=8.000ns})
  Path Group:             sys_clk_pin
  Path Type:              Setup (Max at Slow Process Corner)
  Requirement:            8.000ns  (sys_clk_pin rise@8.000ns - sys_clk_pin rise@0.000ns)
  Data Path Delay:        3.877ns  (logic 0.890ns (22.957%)  route 2.987ns (77.043%))
  Logic Levels:           3  (LUT4=1 LUT5=1 LUT6=1)
  Clock Path Skew:        -0.161ns (DCD - SCD + CPR)
    Destination Clock Delay (DCD):    4.973ns = ( 12.972 - 8.000 ) 
    Source Clock Delay      (SCD):    5.410ns
    Clock Pessimism Removal (CPR):    0.277ns
  Clock Uncertainty:      0.035ns  ((TSJ^2 + TIJ^2)^1/2 + DJ) / 2 + PE
    Total System Jitter     (TSJ):    0.071ns
    Total Input Jitter      (TIJ):    0.000ns
    Discrete Jitter          (DJ):    0.000ns
    Phase Error              (PE):    0.000ns

    Location             Delay type                Incr(ns)  Path(ns)    Netlist Resource(s)
  -------------------------------------------------------------------    -------------------
                         (clock sys_clk_pin rise edge)
                                                      0.000     0.000 r  
    K17                                               0.000     0.000 r  sys_clk (IN)
                         net (fo=0)                   0.000     0.000    sys_clk
    K17                  IBUF (Prop_ibuf_I_O)         1.492     1.492 r  sys_clk_IBUF_inst/O
                         net (fo=1, routed)           2.076     3.568    sys_clk_IBUF
    BUFGCTRL_X0Y16       BUFG (Prop_bufg_I_O)         0.101     3.669 r  sys_clk_IBUF_BUFG_inst/O
                         net (fo=33, routed)          1.741     5.410    sys_clk_IBUF_BUFG
    SLICE_X42Y52         FDRE                                         r  counter_reg[15]/C
  -------------------------------------------------------------------    -------------------
    SLICE_X42Y52         FDRE (Prop_fdre_C_Q)         0.518     5.928 r  counter_reg[15]/Q
                         net (fo=2, routed)           1.137     7.065    counter_reg[15]
    SLICE_X43Y52         LUT4 (Prop_lut4_I0_O)        0.124     7.189 f  counter[0]_i_11/O
                         net (fo=1, routed)           0.407     7.596    counter[0]_i_11_n_0
    SLICE_X43Y54         LUT5 (Prop_lut5_I4_O)        0.124     7.720 f  counter[0]_i_6/O
                         net (fo=2, routed)           0.581     8.301    counter[0]_i_6_n_0
    SLICE_X43Y53         LUT6 (Prop_lut6_I5_O)        0.124     8.425 r  counter[0]_i_1/O
                         net (fo=32, routed)          0.862     9.287    counter[0]_i_1_n_0
    SLICE_X42Y49         FDRE                                         r  counter_reg[1]/R
  -------------------------------------------------------------------    -------------------

                         (clock sys_clk_pin rise edge)
                                                      8.000     8.000 r  
    K17                                               0.000     8.000 r  sys_clk (IN)
                         net (fo=0)                   0.000     8.000    sys_clk
    K17                  IBUF (Prop_ibuf_I_O)         1.421     9.421 r  sys_clk_IBUF_inst/O
                         net (fo=1, routed)           1.880    11.301    sys_clk_IBUF
    BUFGCTRL_X0Y16       BUFG (Prop_bufg_I_O)         0.091    11.392 r  sys_clk_IBUF_BUFG_inst/O
                         net (fo=33, routed)          1.580    12.972    sys_clk_IBUF_BUFG
    SLICE_X42Y49         FDRE                                         r  counter_reg[1]/C
                         clock pessimism              0.277    13.249    
                         clock uncertainty           -0.035    13.214    
    SLICE_X42Y49         FDRE (Setup_fdre_C_R)       -0.524    12.690    counter_reg[1]
  -------------------------------------------------------------------
                         required time                         12.690    
                         arrival time                          -9.287    
  -------------------------------------------------------------------
                         slack                                  3.403    

Slack (MET) :             3.403ns  (required time - arrival time)
  Source:                 counter_reg[15]/C
                            (rising edge-triggered cell FDRE clocked by sys_clk_pin  {rise@0.000ns fall@4.000ns period=8.000ns})
  Destination:            counter_reg[2]/R
                            (rising edge-triggered cell FDRE clocked by sys_clk_pin  {rise@0.000ns fall@4.000ns period=8.000ns})
  Path Group:             sys_clk_pin
  Path Type:              Setup (Max at Slow Process Corner)
  Requirement:            8.000ns  (sys_clk_pin rise@8.000ns - sys_clk_pin rise@0.000ns)
  Data Path Delay:        3.877ns  (logic 0.890ns (22.957%)  route 2.987ns (77.043%))
  Logic Levels:           3  (LUT4=1 LUT5=1 LUT6=1)
  Clock Path Skew:        -0.161ns (DCD - SCD + CPR)
    Destination Clock Delay (DCD):    4.973ns = ( 12.972 - 8.000 ) 
    Source Clock Delay      (SCD):    5.410ns
    Clock Pessimism Removal (CPR):    0.277ns
  Clock Uncertainty:      0.035ns  ((TSJ^2 + TIJ^2)^1/2 + DJ) / 2 + PE
    Total System Jitter     (TSJ):    0.071ns
    Total Input Jitter      (TIJ):    0.000ns
    Discrete Jitter          (DJ):    0.000ns
    Phase Error              (PE):    0.000ns

    Location             Delay type                Incr(ns)  Path(ns)    Netlist Resource(s)
  -------------------------------------------------------------------    -------------------
                         (clock sys_clk_pin rise edge)
                                                      0.000     0.000 r  
    K17                                               0.000     0.000 r  sys_clk (IN)
                         net (fo=0)                   0.000     0.000    sys_clk
    K17                  IBUF (Prop_ibuf_I_O)         1.492     1.492 r  sys_clk_IBUF_inst/O
                         net (fo=1, routed)           2.076     3.568    sys_clk_IBUF
    BUFGCTRL_X0Y16       BUFG (Prop_bufg_I_O)         0.101     3.669 r  sys_clk_IBUF_BUFG_inst/O
                         net (fo=33, routed)          1.741     5.410    sys_clk_IBUF_BUFG
    SLICE_X42Y52         FDRE                                         r  counter_reg[15]/C
  -------------------------------------------------------------------    -------------------
    SLICE_X42Y52         FDRE (Prop_fdre_C_Q)         0.518     5.928 r  counter_reg[15]/Q
                         net (fo=2, routed)           1.137     7.065    counter_reg[15]
    SLICE_X43Y52         LUT4 (Prop_lut4_I0_O)        0.124     7.189 f  counter[0]_i_11/O
                         net (fo=1, routed)           0.407     7.596    counter[0]_i_11_n_0
    SLICE_X43Y54         LUT5 (Prop_lut5_I4_O)        0.124     7.720 f  counter[0]_i_6/O
                         net (fo=2, routed)           0.581     8.301    counter[0]_i_6_n_0
    SLICE_X43Y53         LUT6 (Prop_lut6_I5_O)        0.124     8.425 r  counter[0]_i_1/O
                         net (fo=32, routed)          0.862     9.287    counter[0]_i_1_n_0
    SLICE_X42Y49         FDRE                                         r  counter_reg[2]/R
  -------------------------------------------------------------------    -------------------

                         (clock sys_clk_pin rise edge)
                                                      8.000     8.000 r  
    K17                                               0.000     8.000 r  sys_clk (IN)
                         net (fo=0)                   0.000     8.000    sys_clk
    K17                  IBUF (Prop_ibuf_I_O)         1.421     9.421 r  sys_clk_IBUF_inst/O
                         net (fo=1, routed)           1.880    11.301    sys_clk_IBUF
    BUFGCTRL_X0Y16       BUFG (Prop_bufg_I_O)         0.091    11.392 r  sys_clk_IBUF_BUFG_inst/O
                         net (fo=33, routed)          1.580    12.972    sys_clk_IBUF_BUFG
    SLICE_X42Y49         FDRE                                         r  counter_reg[2]/C
                         clock pessimism              0.277    13.249    
                         clock uncertainty           -0.035    13.214    
    SLICE_X42Y49         FDRE (Setup_fdre_C_R)       -0.524    12.690    counter_reg[2]
  -------------------------------------------------------------------
                         required time                         12.690    
                         arrival time                          -9.287    
  -------------------------------------------------------------------
                         slack                                  3.403    

Slack (MET) :             3.403ns  (required time - arrival time)
  Source:                 counter_reg[15]/C
                            (rising edge-triggered cell FDRE clocked by sys_clk_pin  {rise@0.000ns fall@4.000ns period=8.000ns})
  Destination:            counter_reg[3]/R
                            (rising edge-triggered cell FDRE clocked by sys_clk_pin  {rise@0.000ns fall@4.000ns period=8.000ns})
  Path Group:             sys_clk_pin
  Path Type:              Setup (Max at Slow Process Corner)
  Requirement:            8.000ns  (sys_clk_pin rise@8.000ns - sys_clk_pin rise@0.000ns)
  Data Path Delay:        3.877ns  (logic 0.890ns (22.957%)  route 2.987ns (77.043%))
  Logic Levels:           3  (LUT4=1 LUT5=1 LUT6=1)
  Clock Path Skew:        -0.161ns (DCD - SCD + CPR)
    Destination Clock Delay (DCD):    4.973ns = ( 12.972 - 8.000 ) 
    Source Clock Delay      (SCD):    5.410ns
    Clock Pessimism Removal (CPR):    0.277ns
  Clock Uncertainty:      0.035ns  ((TSJ^2 + TIJ^2)^1/2 + DJ) / 2 + PE
    Total System Jitter     (TSJ):    0.071ns
    Total Input Jitter      (TIJ):    0.000ns
    Discrete Jitter          (DJ):    0.000ns
    Phase Error              (PE):    0.000ns

    Location             Delay type                Incr(ns)  Path(ns)    Netlist Resource(s)
  -------------------------------------------------------------------    -------------------
                         (clock sys_clk_pin rise edge)
                                                      0.000     0.000 r  
    K17                                               0.000     0.000 r  sys_clk (IN)
                         net (fo=0)                   0.000     0.000    sys_clk
    K17                  IBUF (Prop_ibuf_I_O)         1.492     1.492 r  sys_clk_IBUF_inst/O
                         net (fo=1, routed)           2.076     3.568    sys_clk_IBUF
    BUFGCTRL_X0Y16       BUFG (Prop_bufg_I_O)         0.101     3.669 r  sys_clk_IBUF_BUFG_inst/O
                         net (fo=33, routed)          1.741     5.410    sys_clk_IBUF_BUFG
    SLICE_X42Y52         FDRE                                         r  counter_reg[15]/C
  -------------------------------------------------------------------    -------------------
    SLICE_X42Y52         FDRE (Prop_fdre_C_Q)         0.518     5.928 r  counter_reg[15]/Q
                         net (fo=2, routed)           1.137     7.065    counter_reg[15]
    SLICE_X43Y52         LUT4 (Prop_lut4_I0_O)        0.124     7.189 f  counter[0]_i_11/O
                         net (fo=1, routed)           0.407     7.596    counter[0]_i_11_n_0
    SLICE_X43Y54         LUT5 (Prop_lut5_I4_O)        0.124     7.720 f  counter[0]_i_6/O
                         net (fo=2, routed)           0.581     8.301    counter[0]_i_6_n_0
    SLICE_X43Y53         LUT6 (Prop_lut6_I5_O)        0.124     8.425 r  counter[0]_i_1/O
                         net (fo=32, routed)          0.862     9.287    counter[0]_i_1_n_0
    SLICE_X42Y49         FDRE                                         r  counter_reg[3]/R
  -------------------------------------------------------------------    -------------------

                         (clock sys_clk_pin rise edge)
                                                      8.000     8.000 r  
    K17                                               0.000     8.000 r  sys_clk (IN)
                         net (fo=0)                   0.000     8.000    sys_clk
    K17                  IBUF (Prop_ibuf_I_O)         1.421     9.421 r  sys_clk_IBUF_inst/O
                         net (fo=1, routed)           1.880    11.301    sys_clk_IBUF
    BUFGCTRL_X0Y16       BUFG (Prop_bufg_I_O)         0.091    11.392 r  sys_clk_IBUF_BUFG_inst/O
                         net (fo=33, routed)          1.580    12.972    sys_clk_IBUF_BUFG
    SLICE_X42Y49         FDRE                                         r  counter_reg[3]/C
                         clock pessimism              0.277    13.249    
                         clock uncertainty           -0.035    13.214    
    SLICE_X42Y49         FDRE (Setup_fdre_C_R)       -0.524    12.690    counter_reg[3]
  -------------------------------------------------------------------
                         required time                         12.690    
                         arrival time                          -9.287    
  -------------------------------------------------------------------
                         slack                                  3.403    

Slack (MET) :             3.509ns  (required time - arrival time)
  Source:                 counter_reg[15]/C
                            (rising edge-triggered cell FDRE clocked by sys_clk_pin  {rise@0.000ns fall@4.000ns period=8.000ns})
  Destination:            counter_reg[28]/R
                            (rising edge-triggered cell FDRE clocked by sys_clk_pin  {rise@0.000ns fall@4.000ns period=8.000ns})
  Path Group:             sys_clk_pin
  Path Type:              Setup (Max at Slow Process Corner)
  Requirement:            8.000ns  (sys_clk_pin rise@8.000ns - sys_clk_pin rise@0.000ns)
  Data Path Delay:        3.906ns  (logic 0.890ns (22.787%)  route 3.016ns (77.213%))
  Logic Levels:           3  (LUT4=1 LUT5=1 LUT6=1)
  Clock Path Skew:        -0.026ns (DCD - SCD + CPR)
    Destination Clock Delay (DCD):    4.955ns = ( 12.955 - 8.000 ) 
    Source Clock Delay      (SCD):    5.410ns
    Clock Pessimism Removal (CPR):    0.429ns
  Clock Uncertainty:      0.035ns  ((TSJ^2 + TIJ^2)^1/2 + DJ) / 2 + PE
    Total System Jitter     (TSJ):    0.071ns
    Total Input Jitter      (TIJ):    0.000ns
    Discrete Jitter          (DJ):    0.000ns
    Phase Error              (PE):    0.000ns

    Location             Delay type                Incr(ns)  Path(ns)    Netlist Resource(s)
  -------------------------------------------------------------------    -------------------
                         (clock sys_clk_pin rise edge)
                                                      0.000     0.000 r  
    K17                                               0.000     0.000 r  sys_clk (IN)
                         net (fo=0)                   0.000     0.000    sys_clk
    K17                  IBUF (Prop_ibuf_I_O)         1.492     1.492 r  sys_clk_IBUF_inst/O
                         net (fo=1, routed)           2.076     3.568    sys_clk_IBUF
    BUFGCTRL_X0Y16       BUFG (Prop_bufg_I_O)         0.101     3.669 r  sys_clk_IBUF_BUFG_inst/O
                         net (fo=33, routed)          1.741     5.410    sys_clk_IBUF_BUFG
    SLICE_X42Y52         FDRE                                         r  counter_reg[15]/C
  -------------------------------------------------------------------    -------------------
    SLICE_X42Y52         FDRE (Prop_fdre_C_Q)         0.518     5.928 r  counter_reg[15]/Q
                         net (fo=2, routed)           1.137     7.065    counter_reg[15]
    SLICE_X43Y52         LUT4 (Prop_lut4_I0_O)        0.124     7.189 f  counter[0]_i_11/O
                         net (fo=1, routed)           0.407     7.596    counter[0]_i_11_n_0
    SLICE_X43Y54         LUT5 (Prop_lut5_I4_O)        0.124     7.720 f  counter[0]_i_6/O
                         net (fo=2, routed)           0.581     8.301    counter[0]_i_6_n_0
    SLICE_X43Y53         LUT6 (Prop_lut6_I5_O)        0.124     8.425 r  counter[0]_i_1/O
                         net (fo=32, routed)          0.891     9.316    counter[0]_i_1_n_0
    SLICE_X42Y56         FDRE                                         r  counter_reg[28]/R
  -------------------------------------------------------------------    -------------------

                         (clock sys_clk_pin rise edge)
                                                      8.000     8.000 r  
    K17                                               0.000     8.000 r  sys_clk (IN)
                         net (fo=0)                   0.000     8.000    sys_clk
    K17                  IBUF (Prop_ibuf_I_O)         1.421     9.421 r  sys_clk_IBUF_inst/O
                         net (fo=1, routed)           1.880    11.301    sys_clk_IBUF
    BUFGCTRL_X0Y16       BUFG (Prop_bufg_I_O)         0.091    11.392 r  sys_clk_IBUF_BUFG_inst/O
                         net (fo=33, routed)          1.563    12.955    sys_clk_IBUF_BUFG
    SLICE_X42Y56         FDRE                                         r  counter_reg[28]/C
                         clock pessimism              0.429    13.384    
                         clock uncertainty           -0.035    13.348    
    SLICE_X42Y56         FDRE (Setup_fdre_C_R)       -0.524    12.824    counter_reg[28]
  -------------------------------------------------------------------
                         required time                         12.824    
                         arrival time                          -9.316    
  -------------------------------------------------------------------
                         slack                                  3.509    

Slack (MET) :             3.509ns  (required time - arrival time)
  Source:                 counter_reg[15]/C
                            (rising edge-triggered cell FDRE clocked by sys_clk_pin  {rise@0.000ns fall@4.000ns period=8.000ns})
  Destination:            counter_reg[29]/R
                            (rising edge-triggered cell FDRE clocked by sys_clk_pin  {rise@0.000ns fall@4.000ns period=8.000ns})
  Path Group:             sys_clk_pin
  Path Type:              Setup (Max at Slow Process Corner)
  Requirement:            8.000ns  (sys_clk_pin rise@8.000ns - sys_clk_pin rise@0.000ns)
  Data Path Delay:        3.906ns  (logic 0.890ns (22.787%)  route 3.016ns (77.213%))
  Logic Levels:           3  (LUT4=1 LUT5=1 LUT6=1)
  Clock Path Skew:        -0.026ns (DCD - SCD + CPR)
    Destination Clock Delay (DCD):    4.955ns = ( 12.955 - 8.000 ) 
    Source Clock Delay      (SCD):    5.410ns
    Clock Pessimism Removal (CPR):    0.429ns
  Clock Uncertainty:      0.035ns  ((TSJ^2 + TIJ^2)^1/2 + DJ) / 2 + PE
    Total System Jitter     (TSJ):    0.071ns
    Total Input Jitter      (TIJ):    0.000ns
    Discrete Jitter          (DJ):    0.000ns
    Phase Error              (PE):    0.000ns

    Location             Delay type                Incr(ns)  Path(ns)    Netlist Resource(s)
  -------------------------------------------------------------------    -------------------
                         (clock sys_clk_pin rise edge)
                                                      0.000     0.000 r  
    K17                                               0.000     0.000 r  sys_clk (IN)
                         net (fo=0)                   0.000     0.000    sys_clk
    K17                  IBUF (Prop_ibuf_I_O)         1.492     1.492 r  sys_clk_IBUF_inst/O
                         net (fo=1, routed)           2.076     3.568    sys_clk_IBUF
    BUFGCTRL_X0Y16       BUFG (Prop_bufg_I_O)         0.101     3.669 r  sys_clk_IBUF_BUFG_inst/O
                         net (fo=33, routed)          1.741     5.410    sys_clk_IBUF_BUFG
    SLICE_X42Y52         FDRE                                         r  counter_reg[15]/C
  -------------------------------------------------------------------    -------------------
    SLICE_X42Y52         FDRE (Prop_fdre_C_Q)         0.518     5.928 r  counter_reg[15]/Q
                         net (fo=2, routed)           1.137     7.065    counter_reg[15]
    SLICE_X43Y52         LUT4 (Prop_lut4_I0_O)        0.124     7.189 f  counter[0]_i_11/O
                         net (fo=1, routed)           0.407     7.596    counter[0]_i_11_n_0
    SLICE_X43Y54         LUT5 (Prop_lut5_I4_O)        0.124     7.720 f  counter[0]_i_6/O
                         net (fo=2, routed)           0.581     8.301    counter[0]_i_6_n_0
    SLICE_X43Y53         LUT6 (Prop_lut6_I5_O)        0.124     8.425 r  counter[0]_i_1/O
                         net (fo=32, routed)          0.891     9.316    counter[0]_i_1_n_0
    SLICE_X42Y56         FDRE                                         r  counter_reg[29]/R
  -------------------------------------------------------------------    -------------------

                         (clock sys_clk_pin rise edge)
                                                      8.000     8.000 r  
    K17                                               0.000     8.000 r  sys_clk (IN)
                         net (fo=0)                   0.000     8.000    sys_clk
    K17                  IBUF (Prop_ibuf_I_O)         1.421     9.421 r  sys_clk_IBUF_inst/O
                         net (fo=1, routed)           1.880    11.301    sys_clk_IBUF
    BUFGCTRL_X0Y16       BUFG (Prop_bufg_I_O)         0.091    11.392 r  sys_clk_IBUF_BUFG_inst/O
                         net (fo=33, routed)          1.563    12.955    sys_clk_IBUF_BUFG
    SLICE_X42Y56         FDRE                                         r  counter_reg[29]/C
                         clock pessimism              0.429    13.384    
                         clock uncertainty           -0.035    13.348    
    SLICE_X42Y56         FDRE (Setup_fdre_C_R)       -0.524    12.824    counter_reg[29]
  -------------------------------------------------------------------
                         required time                         12.824    
                         arrival time                          -9.316    
  -------------------------------------------------------------------
                         slack                                  3.509    

Slack (MET) :             3.509ns  (required time - arrival time)
  Source:                 counter_reg[15]/C
                            (rising edge-triggered cell FDRE clocked by sys_clk_pin  {rise@0.000ns fall@4.000ns period=8.000ns})
  Destination:            counter_reg[30]/R
                            (rising edge-triggered cell FDRE clocked by sys_clk_pin  {rise@0.000ns fall@4.000ns period=8.000ns})
  Path Group:             sys_clk_pin
  Path Type:              Setup (Max at Slow Process Corner)
  Requirement:            8.000ns  (sys_clk_pin rise@8.000ns - sys_clk_pin rise@0.000ns)
  Data Path Delay:        3.906ns  (logic 0.890ns (22.787%)  route 3.016ns (77.213%))
  Logic Levels:           3  (LUT4=1 LUT5=1 LUT6=1)
  Clock Path Skew:        -0.026ns (DCD - SCD + CPR)
    Destination Clock Delay (DCD):    4.955ns = ( 12.955 - 8.000 ) 
    Source Clock Delay      (SCD):    5.410ns
    Clock Pessimism Removal (CPR):    0.429ns
  Clock Uncertainty:      0.035ns  ((TSJ^2 + TIJ^2)^1/2 + DJ) / 2 + PE
    Total System Jitter     (TSJ):    0.071ns
    Total Input Jitter      (TIJ):    0.000ns
    Discrete Jitter          (DJ):    0.000ns
    Phase Error              (PE):    0.000ns

    Location             Delay type                Incr(ns)  Path(ns)    Netlist Resource(s)
  -------------------------------------------------------------------    -------------------
                         (clock sys_clk_pin rise edge)
                                                      0.000     0.000 r  
    K17                                               0.000     0.000 r  sys_clk (IN)
                         net (fo=0)                   0.000     0.000    sys_clk
    K17                  IBUF (Prop_ibuf_I_O)         1.492     1.492 r  sys_clk_IBUF_inst/O
                         net (fo=1, routed)           2.076     3.568    sys_clk_IBUF
    BUFGCTRL_X0Y16       BUFG (Prop_bufg_I_O)         0.101     3.669 r  sys_clk_IBUF_BUFG_inst/O
                         net (fo=33, routed)          1.741     5.410    sys_clk_IBUF_BUFG
    SLICE_X42Y52         FDRE                                         r  counter_reg[15]/C
  -------------------------------------------------------------------    -------------------
    SLICE_X42Y52         FDRE (Prop_fdre_C_Q)         0.518     5.928 r  counter_reg[15]/Q
                         net (fo=2, routed)           1.137     7.065    counter_reg[15]
    SLICE_X43Y52         LUT4 (Prop_lut4_I0_O)        0.124     7.189 f  counter[0]_i_11/O
                         net (fo=1, routed)           0.407     7.596    counter[0]_i_11_n_0
    SLICE_X43Y54         LUT5 (Prop_lut5_I4_O)        0.124     7.720 f  counter[0]_i_6/O
                         net (fo=2, routed)           0.581     8.301    counter[0]_i_6_n_0
    SLICE_X43Y53         LUT6 (Prop_lut6_I5_O)        0.124     8.425 r  counter[0]_i_1/O
                         net (fo=32, routed)          0.891     9.316    counter[0]_i_1_n_0
    SLICE_X42Y56         FDRE                                         r  counter_reg[30]/R
  -------------------------------------------------------------------    -------------------

                         (clock sys_clk_pin rise edge)
                                                      8.000     8.000 r  
    K17                                               0.000     8.000 r  sys_clk (IN)
                         net (fo=0)                   0.000     8.000    sys_clk
    K17                  IBUF (Prop_ibuf_I_O)         1.421     9.421 r  sys_clk_IBUF_inst/O
                         net (fo=1, routed)           1.880    11.301    sys_clk_IBUF
    BUFGCTRL_X0Y16       BUFG (Prop_bufg_I_O)         0.091    11.392 r  sys_clk_IBUF_BUFG_inst/O
                         net (fo=33, routed)          1.563    12.955    sys_clk_IBUF_BUFG
    SLICE_X42Y56         FDRE                                         r  counter_reg[30]/C
                         clock pessimism              0.429    13.384    
                         clock uncertainty           -0.035    13.348    
    SLICE_X42Y56         FDRE (Setup_fdre_C_R)       -0.524    12.824    counter_reg[30]
  -------------------------------------------------------------------
                         required time                         12.824    
                         arrival time                          -9.316    
  -------------------------------------------------------------------
                         slack                                  3.509    

Slack (MET) :             3.509ns  (required time - arrival time)
  Source:                 counter_reg[15]/C
                            (rising edge-triggered cell FDRE clocked by sys_clk_pin  {rise@0.000ns fall@4.000ns period=8.000ns})
  Destination:            counter_reg[31]/R
                            (rising edge-triggered cell FDRE clocked by sys_clk_pin  {rise@0.000ns fall@4.000ns period=8.000ns})
  Path Group:             sys_clk_pin
  Path Type:              Setup (Max at Slow Process Corner)
  Requirement:            8.000ns  (sys_clk_pin rise@8.000ns - sys_clk_pin rise@0.000ns)
  Data Path Delay:        3.906ns  (logic 0.890ns (22.787%)  route 3.016ns (77.213%))
  Logic Levels:           3  (LUT4=1 LUT5=1 LUT6=1)
  Clock Path Skew:        -0.026ns (DCD - SCD + CPR)
    Destination Clock Delay (DCD):    4.955ns = ( 12.955 - 8.000 ) 
    Source Clock Delay      (SCD):    5.410ns
    Clock Pessimism Removal (CPR):    0.429ns
  Clock Uncertainty:      0.035ns  ((TSJ^2 + TIJ^2)^1/2 + DJ) / 2 + PE
    Total System Jitter     (TSJ):    0.071ns
    Total Input Jitter      (TIJ):    0.000ns
    Discrete Jitter          (DJ):    0.000ns
    Phase Error              (PE):    0.000ns

    Location             Delay type                Incr(ns)  Path(ns)    Netlist Resource(s)
  -------------------------------------------------------------------    -------------------
                         (clock sys_clk_pin rise edge)
                                                      0.000     0.000 r  
    K17                                               0.000     0.000 r  sys_clk (IN)
                         net (fo=0)                   0.000     0.000    sys_clk
    K17                  IBUF (Prop_ibuf_I_O)         1.492     1.492 r  sys_clk_IBUF_inst/O
                         net (fo=1, routed)           2.076     3.568    sys_clk_IBUF
    BUFGCTRL_X0Y16       BUFG (Prop_bufg_I_O)         0.101     3.669 r  sys_clk_IBUF_BUFG_inst/O
                         net (fo=33, routed)          1.741     5.410    sys_clk_IBUF_BUFG
    SLICE_X42Y52         FDRE                                         r  counter_reg[15]/C
  -------------------------------------------------------------------    -------------------
    SLICE_X42Y52         FDRE (Prop_fdre_C_Q)         0.518     5.928 r  counter_reg[15]/Q
                         net (fo=2, routed)           1.137     7.065    counter_reg[15]
    SLICE_X43Y52         LUT4 (Prop_lut4_I0_O)        0.124     7.189 f  counter[0]_i_11/O
                         net (fo=1, routed)           0.407     7.596    counter[0]_i_11_n_0
    SLICE_X43Y54         LUT5 (Prop_lut5_I4_O)        0.124     7.720 f  counter[0]_i_6/O
                         net (fo=2, routed)           0.581     8.301    counter[0]_i_6_n_0
    SLICE_X43Y53         LUT6 (Prop_lut6_I5_O)        0.124     8.425 r  counter[0]_i_1/O
                         net (fo=32, routed)          0.891     9.316    counter[0]_i_1_n_0
    SLICE_X42Y56         FDRE                                         r  counter_reg[31]/R
  -------------------------------------------------------------------    -------------------

                         (clock sys_clk_pin rise edge)
                                                      8.000     8.000 r  
    K17                                               0.000     8.000 r  sys_clk (IN)
                         net (fo=0)                   0.000     8.000    sys_clk
    K17                  IBUF (Prop_ibuf_I_O)         1.421     9.421 r  sys_clk_IBUF_inst/O
                         net (fo=1, routed)           1.880    11.301    sys_clk_IBUF
    BUFGCTRL_X0Y16       BUFG (Prop_bufg_I_O)         0.091    11.392 r  sys_clk_IBUF_BUFG_inst/O
                         net (fo=33, routed)          1.563    12.955    sys_clk_IBUF_BUFG
    SLICE_X42Y56         FDRE                                         r  counter_reg[31]/C
                         clock pessimism              0.429    13.384    
                         clock uncertainty           -0.035    13.348    
    SLICE_X42Y56         FDRE (Setup_fdre_C_R)       -0.524    12.824    counter_reg[31]
  -------------------------------------------------------------------
                         required time                         12.824    
                         arrival time                          -9.316    
  -------------------------------------------------------------------
                         slack                                  3.509    

Slack (MET) :             3.647ns  (required time - arrival time)
  Source:                 counter_reg[15]/C
                            (rising edge-triggered cell FDRE clocked by sys_clk_pin  {rise@0.000ns fall@4.000ns period=8.000ns})
  Destination:            counter_reg[24]/R
                            (rising edge-triggered cell FDRE clocked by sys_clk_pin  {rise@0.000ns fall@4.000ns period=8.000ns})
  Path Group:             sys_clk_pin
  Path Type:              Setup (Max at Slow Process Corner)
  Requirement:            8.000ns  (sys_clk_pin rise@8.000ns - sys_clk_pin rise@0.000ns)
  Data Path Delay:        3.767ns  (logic 0.890ns (23.624%)  route 2.877ns (76.376%))
  Logic Levels:           3  (LUT4=1 LUT5=1 LUT6=1)
  Clock Path Skew:        -0.026ns (DCD - SCD + CPR)
    Destination Clock Delay (DCD):    4.955ns = ( 12.955 - 8.000 ) 
    Source Clock Delay      (SCD):    5.410ns
    Clock Pessimism Removal (CPR):    0.429ns
  Clock Uncertainty:      0.035ns  ((TSJ^2 + TIJ^2)^1/2 + DJ) / 2 + PE
    Total System Jitter     (TSJ):    0.071ns
    Total Input Jitter      (TIJ):    0.000ns
    Discrete Jitter          (DJ):    0.000ns
    Phase Error              (PE):    0.000ns

    Location             Delay type                Incr(ns)  Path(ns)    Netlist Resource(s)
  -------------------------------------------------------------------    -------------------
                         (clock sys_clk_pin rise edge)
                                                      0.000     0.000 r  
    K17                                               0.000     0.000 r  sys_clk (IN)
                         net (fo=0)                   0.000     0.000    sys_clk
    K17                  IBUF (Prop_ibuf_I_O)         1.492     1.492 r  sys_clk_IBUF_inst/O
                         net (fo=1, routed)           2.076     3.568    sys_clk_IBUF
    BUFGCTRL_X0Y16       BUFG (Prop_bufg_I_O)         0.101     3.669 r  sys_clk_IBUF_BUFG_inst/O
                         net (fo=33, routed)          1.741     5.410    sys_clk_IBUF_BUFG
    SLICE_X42Y52         FDRE                                         r  counter_reg[15]/C
  -------------------------------------------------------------------    -------------------
    SLICE_X42Y52         FDRE (Prop_fdre_C_Q)         0.518     5.928 r  counter_reg[15]/Q
                         net (fo=2, routed)           1.137     7.065    counter_reg[15]
    SLICE_X43Y52         LUT4 (Prop_lut4_I0_O)        0.124     7.189 f  counter[0]_i_11/O
                         net (fo=1, routed)           0.407     7.596    counter[0]_i_11_n_0
    SLICE_X43Y54         LUT5 (Prop_lut5_I4_O)        0.124     7.720 f  counter[0]_i_6/O
                         net (fo=2, routed)           0.581     8.301    counter[0]_i_6_n_0
    SLICE_X43Y53         LUT6 (Prop_lut6_I5_O)        0.124     8.425 r  counter[0]_i_1/O
                         net (fo=32, routed)          0.752     9.177    counter[0]_i_1_n_0
    SLICE_X42Y55         FDRE                                         r  counter_reg[24]/R
  -------------------------------------------------------------------    -------------------

                         (clock sys_clk_pin rise edge)
                                                      8.000     8.000 r  
    K17                                               0.000     8.000 r  sys_clk (IN)
                         net (fo=0)                   0.000     8.000    sys_clk
    K17                  IBUF (Prop_ibuf_I_O)         1.421     9.421 r  sys_clk_IBUF_inst/O
                         net (fo=1, routed)           1.880    11.301    sys_clk_IBUF
    BUFGCTRL_X0Y16       BUFG (Prop_bufg_I_O)         0.091    11.392 r  sys_clk_IBUF_BUFG_inst/O
                         net (fo=33, routed)          1.563    12.955    sys_clk_IBUF_BUFG
    SLICE_X42Y55         FDRE                                         r  counter_reg[24]/C
                         clock pessimism              0.429    13.384    
                         clock uncertainty           -0.035    13.348    
    SLICE_X42Y55         FDRE (Setup_fdre_C_R)       -0.524    12.824    counter_reg[24]
  -------------------------------------------------------------------
                         required time                         12.824    
                         arrival time                          -9.177    
  -------------------------------------------------------------------
                         slack                                  3.647    

Slack (MET) :             3.647ns  (required time - arrival time)
  Source:                 counter_reg[15]/C
                            (rising edge-triggered cell FDRE clocked by sys_clk_pin  {rise@0.000ns fall@4.000ns period=8.000ns})
  Destination:            counter_reg[25]/R
                            (rising edge-triggered cell FDRE clocked by sys_clk_pin  {rise@0.000ns fall@4.000ns period=8.000ns})
  Path Group:             sys_clk_pin
  Path Type:              Setup (Max at Slow Process Corner)
  Requirement:            8.000ns  (sys_clk_pin rise@8.000ns - sys_clk_pin rise@0.000ns)
  Data Path Delay:        3.767ns  (logic 0.890ns (23.624%)  route 2.877ns (76.376%))
  Logic Levels:           3  (LUT4=1 LUT5=1 LUT6=1)
  Clock Path Skew:        -0.026ns (DCD - SCD + CPR)
    Destination Clock Delay (DCD):    4.955ns = ( 12.955 - 8.000 ) 
    Source Clock Delay      (SCD):    5.410ns
    Clock Pessimism Removal (CPR):    0.429ns
  Clock Uncertainty:      0.035ns  ((TSJ^2 + TIJ^2)^1/2 + DJ) / 2 + PE
    Total System Jitter     (TSJ):    0.071ns
    Total Input Jitter      (TIJ):    0.000ns
    Discrete Jitter          (DJ):    0.000ns
    Phase Error              (PE):    0.000ns

    Location             Delay type                Incr(ns)  Path(ns)    Netlist Resource(s)
  -------------------------------------------------------------------    -------------------
                         (clock sys_clk_pin rise edge)
                                                      0.000     0.000 r  
    K17                                               0.000     0.000 r  sys_clk (IN)
                         net (fo=0)                   0.000     0.000    sys_clk
    K17                  IBUF (Prop_ibuf_I_O)         1.492     1.492 r  sys_clk_IBUF_inst/O
                         net (fo=1, routed)           2.076     3.568    sys_clk_IBUF
    BUFGCTRL_X0Y16       BUFG (Prop_bufg_I_O)         0.101     3.669 r  sys_clk_IBUF_BUFG_inst/O
                         net (fo=33, routed)          1.741     5.410    sys_clk_IBUF_BUFG
    SLICE_X42Y52         FDRE                                         r  counter_reg[15]/C
  -------------------------------------------------------------------    -------------------
    SLICE_X42Y52         FDRE (Prop_fdre_C_Q)         0.518     5.928 r  counter_reg[15]/Q
                         net (fo=2, routed)           1.137     7.065    counter_reg[15]
    SLICE_X43Y52         LUT4 (Prop_lut4_I0_O)        0.124     7.189 f  counter[0]_i_11/O
                         net (fo=1, routed)           0.407     7.596    counter[0]_i_11_n_0
    SLICE_X43Y54         LUT5 (Prop_lut5_I4_O)        0.124     7.720 f  counter[0]_i_6/O
                         net (fo=2, routed)           0.581     8.301    counter[0]_i_6_n_0
    SLICE_X43Y53         LUT6 (Prop_lut6_I5_O)        0.124     8.425 r  counter[0]_i_1/O
                         net (fo=32, routed)          0.752     9.177    counter[0]_i_1_n_0
    SLICE_X42Y55         FDRE                                         r  counter_reg[25]/R
  -------------------------------------------------------------------    -------------------

                         (clock sys_clk_pin rise edge)
                                                      8.000     8.000 r  
    K17                                               0.000     8.000 r  sys_clk (IN)
                         net (fo=0)                   0.000     8.000    sys_clk
    K17                  IBUF (Prop_ibuf_I_O)         1.421     9.421 r  sys_clk_IBUF_inst/O
                         net (fo=1, routed)           1.880    11.301    sys_clk_IBUF
    BUFGCTRL_X0Y16       BUFG (Prop_bufg_I_O)         0.091    11.392 r  sys_clk_IBUF_BUFG_inst/O
                         net (fo=33, routed)          1.563    12.955    sys_clk_IBUF_BUFG
    SLICE_X42Y55         FDRE                                         r  counter_reg[25]/C
                         clock pessimism              0.429    13.384    
                         clock uncertainty           -0.035    13.348    
    SLICE_X42Y55         FDRE (Setup_fdre_C_R)       -0.524    12.824    counter_reg[25]
  -------------------------------------------------------------------
                         required time                         12.824    
                         arrival time                          -9.177    
  -------------------------------------------------------------------
                         slack                                  3.647    





Min Delay Paths
--------------------------------------------------------------------------------------
Slack (MET) :             0.102ns  (arrival time - required time)
  Source:                 counter_reg[2]/C
                            (rising edge-triggered cell FDRE clocked by sys_clk_pin  {rise@0.000ns fall@4.000ns period=8.000ns})
  Destination:            counter_reg[4]/D
                            (rising edge-triggered cell FDRE clocked by sys_clk_pin  {rise@0.000ns fall@4.000ns period=8.000ns})
  Path Group:             sys_clk_pin
  Path Type:              Hold (Min at Fast Process Corner)
  Requirement:            0.000ns  (sys_clk_pin rise@0.000ns - sys_clk_pin rise@0.000ns)
  Data Path Delay:        0.500ns  (logic 0.373ns (74.560%)  route 0.127ns (25.440%))
  Logic Levels:           2  (CARRY4=2)
  Clock Path Skew:        0.264ns (DCD - SCD - CPR)
    Destination Clock Delay (DCD):    2.018ns
    Source Clock Delay      (SCD):    1.507ns
    Clock Pessimism Removal (CPR):    0.247ns

    Location             Delay type                Incr(ns)  Path(ns)    Netlist Resource(s)
  -------------------------------------------------------------------    -------------------
                         (clock sys_clk_pin rise edge)
                                                      0.000     0.000 r  
    K17                                               0.000     0.000 r  sys_clk (IN)
                         net (fo=0)                   0.000     0.000    sys_clk
    K17                  IBUF (Prop_ibuf_I_O)         0.259     0.259 r  sys_clk_IBUF_inst/O
                         net (fo=1, routed)           0.627     0.887    sys_clk_IBUF
    BUFGCTRL_X0Y16       BUFG (Prop_bufg_I_O)         0.026     0.913 r  sys_clk_IBUF_BUFG_inst/O
                         net (fo=33, routed)          0.595     1.507    sys_clk_IBUF_BUFG
    SLICE_X42Y49         FDRE                                         r  counter_reg[2]/C
  -------------------------------------------------------------------    -------------------
    SLICE_X42Y49         FDRE (Prop_fdre_C_Q)         0.164     1.671 r  counter_reg[2]/Q
                         net (fo=2, routed)           0.127     1.798    counter_reg[2]
    SLICE_X42Y49         CARRY4 (Prop_carry4_S[2]_CO[3])
                                                      0.156     1.954 r  counter_reg[0]_i_2/CO[3]
                         net (fo=1, routed)           0.001     1.954    counter_reg[0]_i_2_n_0
    SLICE_X42Y50         CARRY4 (Prop_carry4_CI_O[0])
                                                      0.053     2.007 r  counter_reg[4]_i_1/O[0]
                         net (fo=1, routed)           0.000     2.007    counter_reg[4]_i_1_n_7
    SLICE_X42Y50         FDRE                                         r  counter_reg[4]/D
  -------------------------------------------------------------------    -------------------

                         (clock sys_clk_pin rise edge)
                                                      0.000     0.000 r  
    K17                                               0.000     0.000 r  sys_clk (IN)
                         net (fo=0)                   0.000     0.000    sys_clk
    K17                  IBUF (Prop_ibuf_I_O)         0.447     0.447 r  sys_clk_IBUF_inst/O
                         net (fo=1, routed)           0.683     1.130    sys_clk_IBUF
    BUFGCTRL_X0Y16       BUFG (Prop_bufg_I_O)         0.029     1.159 r  sys_clk_IBUF_BUFG_inst/O
                         net (fo=33, routed)          0.859     2.018    sys_clk_IBUF_BUFG
    SLICE_X42Y50         FDRE                                         r  counter_reg[4]/C
                         clock pessimism             -0.247     1.772    
    SLICE_X42Y50         FDRE (Hold_fdre_C_D)         0.134     1.906    counter_reg[4]
  -------------------------------------------------------------------
                         required time                         -1.906    
                         arrival time                           2.007    
  -------------------------------------------------------------------
                         slack                                  0.102    

Slack (MET) :             0.115ns  (arrival time - required time)
  Source:                 counter_reg[2]/C
                            (rising edge-triggered cell FDRE clocked by sys_clk_pin  {rise@0.000ns fall@4.000ns period=8.000ns})
  Destination:            counter_reg[6]/D
                            (rising edge-triggered cell FDRE clocked by sys_clk_pin  {rise@0.000ns fall@4.000ns period=8.000ns})
  Path Group:             sys_clk_pin
  Path Type:              Hold (Min at Fast Process Corner)
  Requirement:            0.000ns  (sys_clk_pin rise@0.000ns - sys_clk_pin rise@0.000ns)
  Data Path Delay:        0.513ns  (logic 0.386ns (75.204%)  route 0.127ns (24.796%))
  Logic Levels:           2  (CARRY4=2)
  Clock Path Skew:        0.264ns (DCD - SCD - CPR)
    Destination Clock Delay (DCD):    2.018ns
    Source Clock Delay      (SCD):    1.507ns
    Clock Pessimism Removal (CPR):    0.247ns

    Location             Delay type                Incr(ns)  Path(ns)    Netlist Resource(s)
  -------------------------------------------------------------------    -------------------
                         (clock sys_clk_pin rise edge)
                                                      0.000     0.000 r  
    K17                                               0.000     0.000 r  sys_clk (IN)
                         net (fo=0)                   0.000     0.000    sys_clk
    K17                  IBUF (Prop_ibuf_I_O)         0.259     0.259 r  sys_clk_IBUF_inst/O
                         net (fo=1, routed)           0.627     0.887    sys_clk_IBUF
    BUFGCTRL_X0Y16       BUFG (Prop_bufg_I_O)         0.026     0.913 r  sys_clk_IBUF_BUFG_inst/O
                         net (fo=33, routed)          0.595     1.507    sys_clk_IBUF_BUFG
    SLICE_X42Y49         FDRE                                         r  counter_reg[2]/C
  -------------------------------------------------------------------    -------------------
    SLICE_X42Y49         FDRE (Prop_fdre_C_Q)         0.164     1.671 r  counter_reg[2]/Q
                         net (fo=2, routed)           0.127     1.798    counter_reg[2]
    SLICE_X42Y49         CARRY4 (Prop_carry4_S[2]_CO[3])
                                                      0.156     1.954 r  counter_reg[0]_i_2/CO[3]
                         net (fo=1, routed)           0.001     1.954    counter_reg[0]_i_2_n_0
    SLICE_X42Y50         CARRY4 (Prop_carry4_CI_O[2])
                                                      0.066     2.020 r  counter_reg[4]_i_1/O[2]
                         net (fo=1, routed)           0.000     2.020    counter_reg[4]_i_1_n_5
    SLICE_X42Y50         FDRE                                         r  counter_reg[6]/D
  -------------------------------------------------------------------    -------------------

                         (clock sys_clk_pin rise edge)
                                                      0.000     0.000 r  
    K17                                               0.000     0.000 r  sys_clk (IN)
                         net (fo=0)                   0.000     0.000    sys_clk
    K17                  IBUF (Prop_ibuf_I_O)         0.447     0.447 r  sys_clk_IBUF_inst/O
                         net (fo=1, routed)           0.683     1.130    sys_clk_IBUF
    BUFGCTRL_X0Y16       BUFG (Prop_bufg_I_O)         0.029     1.159 r  sys_clk_IBUF_BUFG_inst/O
                         net (fo=33, routed)          0.859     2.018    sys_clk_IBUF_BUFG
    SLICE_X42Y50         FDRE                                         r  counter_reg[6]/C
                         clock pessimism             -0.247     1.772    
    SLICE_X42Y50         FDRE (Hold_fdre_C_D)         0.134     1.906    counter_reg[6]
  -------------------------------------------------------------------
                         required time                         -1.906    
                         arrival time                           2.020    
  -------------------------------------------------------------------
                         slack                                  0.115    

Slack (MET) :             0.138ns  (arrival time - required time)
  Source:                 counter_reg[2]/C
                            (rising edge-triggered cell FDRE clocked by sys_clk_pin  {rise@0.000ns fall@4.000ns period=8.000ns})
  Destination:            counter_reg[5]/D
                            (rising edge-triggered cell FDRE clocked by sys_clk_pin  {rise@0.000ns fall@4.000ns period=8.000ns})
  Path Group:             sys_clk_pin
  Path Type:              Hold (Min at Fast Process Corner)
  Requirement:            0.000ns  (sys_clk_pin rise@0.000ns - sys_clk_pin rise@0.000ns)
  Data Path Delay:        0.536ns  (logic 0.409ns (76.267%)  route 0.127ns (23.733%))
  Logic Levels:           2  (CARRY4=2)
  Clock Path Skew:        0.264ns (DCD - SCD - CPR)
    Destination Clock Delay (DCD):    2.018ns
    Source Clock Delay      (SCD):    1.507ns
    Clock Pessimism Removal (CPR):    0.247ns

    Location             Delay type                Incr(ns)  Path(ns)    Netlist Resource(s)
  -------------------------------------------------------------------    -------------------
                         (clock sys_clk_pin rise edge)
                                                      0.000     0.000 r  
    K17                                               0.000     0.000 r  sys_clk (IN)
                         net (fo=0)                   0.000     0.000    sys_clk
    K17                  IBUF (Prop_ibuf_I_O)         0.259     0.259 r  sys_clk_IBUF_inst/O
                         net (fo=1, routed)           0.627     0.887    sys_clk_IBUF
    BUFGCTRL_X0Y16       BUFG (Prop_bufg_I_O)         0.026     0.913 r  sys_clk_IBUF_BUFG_inst/O
                         net (fo=33, routed)          0.595     1.507    sys_clk_IBUF_BUFG
    SLICE_X42Y49         FDRE                                         r  counter_reg[2]/C
  -------------------------------------------------------------------    -------------------
    SLICE_X42Y49         FDRE (Prop_fdre_C_Q)         0.164     1.671 r  counter_reg[2]/Q
                         net (fo=2, routed)           0.127     1.798    counter_reg[2]
    SLICE_X42Y49         CARRY4 (Prop_carry4_S[2]_CO[3])
                                                      0.156     1.954 r  counter_reg[0]_i_2/CO[3]
                         net (fo=1, routed)           0.001     1.954    counter_reg[0]_i_2_n_0
    SLICE_X42Y50         CARRY4 (Prop_carry4_CI_O[1])
                                                      0.089     2.043 r  counter_reg[4]_i_1/O[1]
                         net (fo=1, routed)           0.000     2.043    counter_reg[4]_i_1_n_6
    SLICE_X42Y50         FDRE                                         r  counter_reg[5]/D
  -------------------------------------------------------------------    -------------------

                         (clock sys_clk_pin rise edge)
                                                      0.000     0.000 r  
    K17                                               0.000     0.000 r  sys_clk (IN)
                         net (fo=0)                   0.000     0.000    sys_clk
    K17                  IBUF (Prop_ibuf_I_O)         0.447     0.447 r  sys_clk_IBUF_inst/O
                         net (fo=1, routed)           0.683     1.130    sys_clk_IBUF
    BUFGCTRL_X0Y16       BUFG (Prop_bufg_I_O)         0.029     1.159 r  sys_clk_IBUF_BUFG_inst/O
                         net (fo=33, routed)          0.859     2.018    sys_clk_IBUF_BUFG
    SLICE_X42Y50         FDRE                                         r  counter_reg[5]/C
                         clock pessimism             -0.247     1.772    
    SLICE_X42Y50         FDRE (Hold_fdre_C_D)         0.134     1.906    counter_reg[5]
  -------------------------------------------------------------------
                         required time                         -1.906    
                         arrival time                           2.043    
  -------------------------------------------------------------------
                         slack                                  0.138    

Slack (MET) :             0.140ns  (arrival time - required time)
  Source:                 counter_reg[2]/C
                            (rising edge-triggered cell FDRE clocked by sys_clk_pin  {rise@0.000ns fall@4.000ns period=8.000ns})
  Destination:            counter_reg[7]/D
                            (rising edge-triggered cell FDRE clocked by sys_clk_pin  {rise@0.000ns fall@4.000ns period=8.000ns})
  Path Group:             sys_clk_pin
  Path Type:              Hold (Min at Fast Process Corner)
  Requirement:            0.000ns  (sys_clk_pin rise@0.000ns - sys_clk_pin rise@0.000ns)
  Data Path Delay:        0.538ns  (logic 0.411ns (76.356%)  route 0.127ns (23.644%))
  Logic Levels:           2  (CARRY4=2)
  Clock Path Skew:        0.264ns (DCD - SCD - CPR)
    Destination Clock Delay (DCD):    2.018ns
    Source Clock Delay      (SCD):    1.507ns
    Clock Pessimism Removal (CPR):    0.247ns

    Location             Delay type                Incr(ns)  Path(ns)    Netlist Resource(s)
  -------------------------------------------------------------------    -------------------
                         (clock sys_clk_pin rise edge)
                                                      0.000     0.000 r  
    K17                                               0.000     0.000 r  sys_clk (IN)
                         net (fo=0)                   0.000     0.000    sys_clk
    K17                  IBUF (Prop_ibuf_I_O)         0.259     0.259 r  sys_clk_IBUF_inst/O
                         net (fo=1, routed)           0.627     0.887    sys_clk_IBUF
    BUFGCTRL_X0Y16       BUFG (Prop_bufg_I_O)         0.026     0.913 r  sys_clk_IBUF_BUFG_inst/O
                         net (fo=33, routed)          0.595     1.507    sys_clk_IBUF_BUFG
    SLICE_X42Y49         FDRE                                         r  counter_reg[2]/C
  -------------------------------------------------------------------    -------------------
    SLICE_X42Y49         FDRE (Prop_fdre_C_Q)         0.164     1.671 r  counter_reg[2]/Q
                         net (fo=2, routed)           0.127     1.798    counter_reg[2]
    SLICE_X42Y49         CARRY4 (Prop_carry4_S[2]_CO[3])
                                                      0.156     1.954 r  counter_reg[0]_i_2/CO[3]
                         net (fo=1, routed)           0.001     1.954    counter_reg[0]_i_2_n_0
    SLICE_X42Y50         CARRY4 (Prop_carry4_CI_O[3])
                                                      0.091     2.045 r  counter_reg[4]_i_1/O[3]
                         net (fo=1, routed)           0.000     2.045    counter_reg[4]_i_1_n_4
    SLICE_X42Y50         FDRE                                         r  counter_reg[7]/D
  -------------------------------------------------------------------    -------------------

                         (clock sys_clk_pin rise edge)
                                                      0.000     0.000 r  
    K17                                               0.000     0.000 r  sys_clk (IN)
                         net (fo=0)                   0.000     0.000    sys_clk
    K17                  IBUF (Prop_ibuf_I_O)         0.447     0.447 r  sys_clk_IBUF_inst/O
                         net (fo=1, routed)           0.683     1.130    sys_clk_IBUF
    BUFGCTRL_X0Y16       BUFG (Prop_bufg_I_O)         0.029     1.159 r  sys_clk_IBUF_BUFG_inst/O
                         net (fo=33, routed)          0.859     2.018    sys_clk_IBUF_BUFG
    SLICE_X42Y50         FDRE                                         r  counter_reg[7]/C
                         clock pessimism             -0.247     1.772    
    SLICE_X42Y50         FDRE (Hold_fdre_C_D)         0.134     1.906    counter_reg[7]
  -------------------------------------------------------------------
                         required time                         -1.906    
                         arrival time                           2.045    
  -------------------------------------------------------------------
                         slack                                  0.140    

Slack (MET) :             0.142ns  (arrival time - required time)
  Source:                 counter_reg[2]/C
                            (rising edge-triggered cell FDRE clocked by sys_clk_pin  {rise@0.000ns fall@4.000ns period=8.000ns})
  Destination:            counter_reg[8]/D
                            (rising edge-triggered cell FDRE clocked by sys_clk_pin  {rise@0.000ns fall@4.000ns period=8.000ns})
  Path Group:             sys_clk_pin
  Path Type:              Hold (Min at Fast Process Corner)
  Requirement:            0.000ns  (sys_clk_pin rise@0.000ns - sys_clk_pin rise@0.000ns)
  Data Path Delay:        0.540ns  (logic 0.413ns (76.443%)  route 0.127ns (23.557%))
  Logic Levels:           3  (CARRY4=3)
  Clock Path Skew:        0.264ns (DCD - SCD - CPR)
    Destination Clock Delay (DCD):    2.018ns
    Source Clock Delay      (SCD):    1.507ns
    Clock Pessimism Removal (CPR):    0.247ns

    Location             Delay type                Incr(ns)  Path(ns)    Netlist Resource(s)
  -------------------------------------------------------------------    -------------------
                         (clock sys_clk_pin rise edge)
                                                      0.000     0.000 r  
    K17                                               0.000     0.000 r  sys_clk (IN)
                         net (fo=0)                   0.000     0.000    sys_clk
    K17                  IBUF (Prop_ibuf_I_O)         0.259     0.259 r  sys_clk_IBUF_inst/O
                         net (fo=1, routed)           0.627     0.887    sys_clk_IBUF
    BUFGCTRL_X0Y16       BUFG (Prop_bufg_I_O)         0.026     0.913 r  sys_clk_IBUF_BUFG_inst/O
                         net (fo=33, routed)          0.595     1.507    sys_clk_IBUF_BUFG
    SLICE_X42Y49         FDRE                                         r  counter_reg[2]/C
  -------------------------------------------------------------------    -------------------
    SLICE_X42Y49         FDRE (Prop_fdre_C_Q)         0.164     1.671 r  counter_reg[2]/Q
                         net (fo=2, routed)           0.127     1.798    counter_reg[2]
    SLICE_X42Y49         CARRY4 (Prop_carry4_S[2]_CO[3])
                                                      0.156     1.954 r  counter_reg[0]_i_2/CO[3]
                         net (fo=1, routed)           0.001     1.954    counter_reg[0]_i_2_n_0
    SLICE_X42Y50         CARRY4 (Prop_carry4_CI_CO[3])
                                                      0.040     1.994 r  counter_reg[4]_i_1/CO[3]
                         net (fo=1, routed)           0.000     1.994    counter_reg[4]_i_1_n_0
    SLICE_X42Y51         CARRY4 (Prop_carry4_CI_O[0])
                                                      0.053     2.047 r  counter_reg[8]_i_1/O[0]
                         net (fo=1, routed)           0.000     2.047    counter_reg[8]_i_1_n_7
    SLICE_X42Y51         FDRE                                         r  counter_reg[8]/D
  -------------------------------------------------------------------    -------------------

                         (clock sys_clk_pin rise edge)
                                                      0.000     0.000 r  
    K17                                               0.000     0.000 r  sys_clk (IN)
                         net (fo=0)                   0.000     0.000    sys_clk
    K17                  IBUF (Prop_ibuf_I_O)         0.447     0.447 r  sys_clk_IBUF_inst/O
                         net (fo=1, routed)           0.683     1.130    sys_clk_IBUF
    BUFGCTRL_X0Y16       BUFG (Prop_bufg_I_O)         0.029     1.159 r  sys_clk_IBUF_BUFG_inst/O
                         net (fo=33, routed)          0.859     2.018    sys_clk_IBUF_BUFG
    SLICE_X42Y51         FDRE                                         r  counter_reg[8]/C
                         clock pessimism             -0.247     1.772    
    SLICE_X42Y51         FDRE (Hold_fdre_C_D)         0.134     1.906    counter_reg[8]
  -------------------------------------------------------------------
                         required time                         -1.906    
                         arrival time                           2.047    
  -------------------------------------------------------------------
                         slack                                  0.142    

Slack (MET) :             0.155ns  (arrival time - required time)
  Source:                 counter_reg[2]/C
                            (rising edge-triggered cell FDRE clocked by sys_clk_pin  {rise@0.000ns fall@4.000ns period=8.000ns})
  Destination:            counter_reg[10]/D
                            (rising edge-triggered cell FDRE clocked by sys_clk_pin  {rise@0.000ns fall@4.000ns period=8.000ns})
  Path Group:             sys_clk_pin
  Path Type:              Hold (Min at Fast Process Corner)
  Requirement:            0.000ns  (sys_clk_pin rise@0.000ns - sys_clk_pin rise@0.000ns)
  Data Path Delay:        0.553ns  (logic 0.426ns (76.997%)  route 0.127ns (23.003%))
  Logic Levels:           3  (CARRY4=3)
  Clock Path Skew:        0.264ns (DCD - SCD - CPR)
    Destination Clock Delay (DCD):    2.018ns
    Source Clock Delay      (SCD):    1.507ns
    Clock Pessimism Removal (CPR):    0.247ns

    Location             Delay type                Incr(ns)  Path(ns)    Netlist Resource(s)
  -------------------------------------------------------------------    -------------------
                         (clock sys_clk_pin rise edge)
                                                      0.000     0.000 r  
    K17                                               0.000     0.000 r  sys_clk (IN)
                         net (fo=0)                   0.000     0.000    sys_clk
    K17                  IBUF (Prop_ibuf_I_O)         0.259     0.259 r  sys_clk_IBUF_inst/O
                         net (fo=1, routed)           0.627     0.887    sys_clk_IBUF
    BUFGCTRL_X0Y16       BUFG (Prop_bufg_I_O)         0.026     0.913 r  sys_clk_IBUF_BUFG_inst/O
                         net (fo=33, routed)          0.595     1.507    sys_clk_IBUF_BUFG
    SLICE_X42Y49         FDRE                                         r  counter_reg[2]/C
  -------------------------------------------------------------------    -------------------
    SLICE_X42Y49         FDRE (Prop_fdre_C_Q)         0.164     1.671 r  counter_reg[2]/Q
                         net (fo=2, routed)           0.127     1.798    counter_reg[2]
    SLICE_X42Y49         CARRY4 (Prop_carry4_S[2]_CO[3])
                                                      0.156     1.954 r  counter_reg[0]_i_2/CO[3]
                         net (fo=1, routed)           0.001     1.954    counter_reg[0]_i_2_n_0
    SLICE_X42Y50         CARRY4 (Prop_carry4_CI_CO[3])
                                                      0.040     1.994 r  counter_reg[4]_i_1/CO[3]
                         net (fo=1, routed)           0.000     1.994    counter_reg[4]_i_1_n_0
    SLICE_X42Y51         CARRY4 (Prop_carry4_CI_O[2])
                                                      0.066     2.060 r  counter_reg[8]_i_1/O[2]
                         net (fo=1, routed)           0.000     2.060    counter_reg[8]_i_1_n_5
    SLICE_X42Y51         FDRE                                         r  counter_reg[10]/D
  -------------------------------------------------------------------    -------------------

                         (clock sys_clk_pin rise edge)
                                                      0.000     0.000 r  
    K17                                               0.000     0.000 r  sys_clk (IN)
                         net (fo=0)                   0.000     0.000    sys_clk
    K17                  IBUF (Prop_ibuf_I_O)         0.447     0.447 r  sys_clk_IBUF_inst/O
                         net (fo=1, routed)           0.683     1.130    sys_clk_IBUF
    BUFGCTRL_X0Y16       BUFG (Prop_bufg_I_O)         0.029     1.159 r  sys_clk_IBUF_BUFG_inst/O
                         net (fo=33, routed)          0.859     2.018    sys_clk_IBUF_BUFG
    SLICE_X42Y51         FDRE                                         r  counter_reg[10]/C
                         clock pessimism             -0.247     1.772    
    SLICE_X42Y51         FDRE (Hold_fdre_C_D)         0.134     1.906    counter_reg[10]
  -------------------------------------------------------------------
                         required time                         -1.906    
                         arrival time                           2.060    
  -------------------------------------------------------------------
                         slack                                  0.155    

Slack (MET) :             0.178ns  (arrival time - required time)
  Source:                 counter_reg[2]/C
                            (rising edge-triggered cell FDRE clocked by sys_clk_pin  {rise@0.000ns fall@4.000ns period=8.000ns})
  Destination:            counter_reg[9]/D
                            (rising edge-triggered cell FDRE clocked by sys_clk_pin  {rise@0.000ns fall@4.000ns period=8.000ns})
  Path Group:             sys_clk_pin
  Path Type:              Hold (Min at Fast Process Corner)
  Requirement:            0.000ns  (sys_clk_pin rise@0.000ns - sys_clk_pin rise@0.000ns)
  Data Path Delay:        0.576ns  (logic 0.449ns (77.915%)  route 0.127ns (22.085%))
  Logic Levels:           3  (CARRY4=3)
  Clock Path Skew:        0.264ns (DCD - SCD - CPR)
    Destination Clock Delay (DCD):    2.018ns
    Source Clock Delay      (SCD):    1.507ns
    Clock Pessimism Removal (CPR):    0.247ns

    Location             Delay type                Incr(ns)  Path(ns)    Netlist Resource(s)
  -------------------------------------------------------------------    -------------------
                         (clock sys_clk_pin rise edge)
                                                      0.000     0.000 r  
    K17                                               0.000     0.000 r  sys_clk (IN)
                         net (fo=0)                   0.000     0.000    sys_clk
    K17                  IBUF (Prop_ibuf_I_O)         0.259     0.259 r  sys_clk_IBUF_inst/O
                         net (fo=1, routed)           0.627     0.887    sys_clk_IBUF
    BUFGCTRL_X0Y16       BUFG (Prop_bufg_I_O)         0.026     0.913 r  sys_clk_IBUF_BUFG_inst/O
                         net (fo=33, routed)          0.595     1.507    sys_clk_IBUF_BUFG
    SLICE_X42Y49         FDRE                                         r  counter_reg[2]/C
  -------------------------------------------------------------------    -------------------
    SLICE_X42Y49         FDRE (Prop_fdre_C_Q)         0.164     1.671 r  counter_reg[2]/Q
                         net (fo=2, routed)           0.127     1.798    counter_reg[2]
    SLICE_X42Y49         CARRY4 (Prop_carry4_S[2]_CO[3])
                                                      0.156     1.954 r  counter_reg[0]_i_2/CO[3]
                         net (fo=1, routed)           0.001     1.954    counter_reg[0]_i_2_n_0
    SLICE_X42Y50         CARRY4 (Prop_carry4_CI_CO[3])
                                                      0.040     1.994 r  counter_reg[4]_i_1/CO[3]
                         net (fo=1, routed)           0.000     1.994    counter_reg[4]_i_1_n_0
    SLICE_X42Y51         CARRY4 (Prop_carry4_CI_O[1])
                                                      0.089     2.083 r  counter_reg[8]_i_1/O[1]
                         net (fo=1, routed)           0.000     2.083    counter_reg[8]_i_1_n_6
    SLICE_X42Y51         FDRE                                         r  counter_reg[9]/D
  -------------------------------------------------------------------    -------------------

                         (clock sys_clk_pin rise edge)
                                                      0.000     0.000 r  
    K17                                               0.000     0.000 r  sys_clk (IN)
                         net (fo=0)                   0.000     0.000    sys_clk
    K17                  IBUF (Prop_ibuf_I_O)         0.447     0.447 r  sys_clk_IBUF_inst/O
                         net (fo=1, routed)           0.683     1.130    sys_clk_IBUF
    BUFGCTRL_X0Y16       BUFG (Prop_bufg_I_O)         0.029     1.159 r  sys_clk_IBUF_BUFG_inst/O
                         net (fo=33, routed)          0.859     2.018    sys_clk_IBUF_BUFG
    SLICE_X42Y51         FDRE                                         r  counter_reg[9]/C
                         clock pessimism             -0.247     1.772    
    SLICE_X42Y51         FDRE (Hold_fdre_C_D)         0.134     1.906    counter_reg[9]
  -------------------------------------------------------------------
                         required time                         -1.906    
                         arrival time                           2.083    
  -------------------------------------------------------------------
                         slack                                  0.178    

Slack (MET) :             0.180ns  (arrival time - required time)
  Source:                 counter_reg[2]/C
                            (rising edge-triggered cell FDRE clocked by sys_clk_pin  {rise@0.000ns fall@4.000ns period=8.000ns})
  Destination:            counter_reg[11]/D
                            (rising edge-triggered cell FDRE clocked by sys_clk_pin  {rise@0.000ns fall@4.000ns period=8.000ns})
  Path Group:             sys_clk_pin
  Path Type:              Hold (Min at Fast Process Corner)
  Requirement:            0.000ns  (sys_clk_pin rise@0.000ns - sys_clk_pin rise@0.000ns)
  Data Path Delay:        0.578ns  (logic 0.451ns (77.991%)  route 0.127ns (22.009%))
  Logic Levels:           3  (CARRY4=3)
  Clock Path Skew:        0.264ns (DCD - SCD - CPR)
    Destination Clock Delay (DCD):    2.018ns
    Source Clock Delay      (SCD):    1.507ns
    Clock Pessimism Removal (CPR):    0.247ns

    Location             Delay type                Incr(ns)  Path(ns)    Netlist Resource(s)
  -------------------------------------------------------------------    -------------------
                         (clock sys_clk_pin rise edge)
                                                      0.000     0.000 r  
    K17                                               0.000     0.000 r  sys_clk (IN)
                         net (fo=0)                   0.000     0.000    sys_clk
    K17                  IBUF (Prop_ibuf_I_O)         0.259     0.259 r  sys_clk_IBUF_inst/O
                         net (fo=1, routed)           0.627     0.887    sys_clk_IBUF
    BUFGCTRL_X0Y16       BUFG (Prop_bufg_I_O)         0.026     0.913 r  sys_clk_IBUF_BUFG_inst/O
                         net (fo=33, routed)          0.595     1.507    sys_clk_IBUF_BUFG
    SLICE_X42Y49         FDRE                                         r  counter_reg[2]/C
  -------------------------------------------------------------------    -------------------
    SLICE_X42Y49         FDRE (Prop_fdre_C_Q)         0.164     1.671 r  counter_reg[2]/Q
                         net (fo=2, routed)           0.127     1.798    counter_reg[2]
    SLICE_X42Y49         CARRY4 (Prop_carry4_S[2]_CO[3])
                                                      0.156     1.954 r  counter_reg[0]_i_2/CO[3]
                         net (fo=1, routed)           0.001     1.954    counter_reg[0]_i_2_n_0
    SLICE_X42Y50         CARRY4 (Prop_carry4_CI_CO[3])
                                                      0.040     1.994 r  counter_reg[4]_i_1/CO[3]
                         net (fo=1, routed)           0.000     1.994    counter_reg[4]_i_1_n_0
    SLICE_X42Y51         CARRY4 (Prop_carry4_CI_O[3])
                                                      0.091     2.085 r  counter_reg[8]_i_1/O[3]
                         net (fo=1, routed)           0.000     2.085    counter_reg[8]_i_1_n_4
    SLICE_X42Y51         FDRE                                         r  counter_reg[11]/D
  -------------------------------------------------------------------    -------------------

                         (clock sys_clk_pin rise edge)
                                                      0.000     0.000 r  
    K17                                               0.000     0.000 r  sys_clk (IN)
                         net (fo=0)                   0.000     0.000    sys_clk
    K17                  IBUF (Prop_ibuf_I_O)         0.447     0.447 r  sys_clk_IBUF_inst/O
                         net (fo=1, routed)           0.683     1.130    sys_clk_IBUF
    BUFGCTRL_X0Y16       BUFG (Prop_bufg_I_O)         0.029     1.159 r  sys_clk_IBUF_BUFG_inst/O
                         net (fo=33, routed)          0.859     2.018    sys_clk_IBUF_BUFG
    SLICE_X42Y51         FDRE                                         r  counter_reg[11]/C
                         clock pessimism             -0.247     1.772    
    SLICE_X42Y51         FDRE (Hold_fdre_C_D)         0.134     1.906    counter_reg[11]
  -------------------------------------------------------------------
                         required time                         -1.906    
                         arrival time                           2.085    
  -------------------------------------------------------------------
                         slack                                  0.180    

Slack (MET) :             0.182ns  (arrival time - required time)
  Source:                 counter_reg[2]/C
                            (rising edge-triggered cell FDRE clocked by sys_clk_pin  {rise@0.000ns fall@4.000ns period=8.000ns})
  Destination:            counter_reg[12]/D
                            (rising edge-triggered cell FDRE clocked by sys_clk_pin  {rise@0.000ns fall@4.000ns period=8.000ns})
  Path Group:             sys_clk_pin
  Path Type:              Hold (Min at Fast Process Corner)
  Requirement:            0.000ns  (sys_clk_pin rise@0.000ns - sys_clk_pin rise@0.000ns)
  Data Path Delay:        0.580ns  (logic 0.453ns (78.067%)  route 0.127ns (21.933%))
  Logic Levels:           4  (CARRY4=4)
  Clock Path Skew:        0.264ns (DCD - SCD - CPR)
    Destination Clock Delay (DCD):    2.018ns
    Source Clock Delay      (SCD):    1.507ns
    Clock Pessimism Removal (CPR):    0.247ns

    Location             Delay type                Incr(ns)  Path(ns)    Netlist Resource(s)
  -------------------------------------------------------------------    -------------------
                         (clock sys_clk_pin rise edge)
                                                      0.000     0.000 r  
    K17                                               0.000     0.000 r  sys_clk (IN)
                         net (fo=0)                   0.000     0.000    sys_clk
    K17                  IBUF (Prop_ibuf_I_O)         0.259     0.259 r  sys_clk_IBUF_inst/O
                         net (fo=1, routed)           0.627     0.887    sys_clk_IBUF
    BUFGCTRL_X0Y16       BUFG (Prop_bufg_I_O)         0.026     0.913 r  sys_clk_IBUF_BUFG_inst/O
                         net (fo=33, routed)          0.595     1.507    sys_clk_IBUF_BUFG
    SLICE_X42Y49         FDRE                                         r  counter_reg[2]/C
  -------------------------------------------------------------------    -------------------
    SLICE_X42Y49         FDRE (Prop_fdre_C_Q)         0.164     1.671 r  counter_reg[2]/Q
                         net (fo=2, routed)           0.127     1.798    counter_reg[2]
    SLICE_X42Y49         CARRY4 (Prop_carry4_S[2]_CO[3])
                                                      0.156     1.954 r  counter_reg[0]_i_2/CO[3]
                         net (fo=1, routed)           0.001     1.954    counter_reg[0]_i_2_n_0
    SLICE_X42Y50         CARRY4 (Prop_carry4_CI_CO[3])
                                                      0.040     1.994 r  counter_reg[4]_i_1/CO[3]
                         net (fo=1, routed)           0.000     1.994    counter_reg[4]_i_1_n_0
    SLICE_X42Y51         CARRY4 (Prop_carry4_CI_CO[3])
                                                      0.040     2.034 r  counter_reg[8]_i_1/CO[3]
                         net (fo=1, routed)           0.000     2.034    counter_reg[8]_i_1_n_0
    SLICE_X42Y52         CARRY4 (Prop_carry4_CI_O[0])
                                                      0.053     2.087 r  counter_reg[12]_i_1/O[0]
                         net (fo=1, routed)           0.000     2.087    counter_reg[12]_i_1_n_7
    SLICE_X42Y52         FDRE                                         r  counter_reg[12]/D
  -------------------------------------------------------------------    -------------------

                         (clock sys_clk_pin rise edge)
                                                      0.000     0.000 r  
    K17                                               0.000     0.000 r  sys_clk (IN)
                         net (fo=0)                   0.000     0.000    sys_clk
    K17                  IBUF (Prop_ibuf_I_O)         0.447     0.447 r  sys_clk_IBUF_inst/O
                         net (fo=1, routed)           0.683     1.130    sys_clk_IBUF
    BUFGCTRL_X0Y16       BUFG (Prop_bufg_I_O)         0.029     1.159 r  sys_clk_IBUF_BUFG_inst/O
                         net (fo=33, routed)          0.859     2.018    sys_clk_IBUF_BUFG
    SLICE_X42Y52         FDRE                                         r  counter_reg[12]/C
                         clock pessimism             -0.247     1.772    
    SLICE_X42Y52         FDRE (Hold_fdre_C_D)         0.134     1.906    counter_reg[12]
  -------------------------------------------------------------------
                         required time                         -1.906    
                         arrival time                           2.087    
  -------------------------------------------------------------------
                         slack                                  0.182    

Slack (MET) :             0.195ns  (arrival time - required time)
  Source:                 counter_reg[2]/C
                            (rising edge-triggered cell FDRE clocked by sys_clk_pin  {rise@0.000ns fall@4.000ns period=8.000ns})
  Destination:            counter_reg[14]/D
                            (rising edge-triggered cell FDRE clocked by sys_clk_pin  {rise@0.000ns fall@4.000ns period=8.000ns})
  Path Group:             sys_clk_pin
  Path Type:              Hold (Min at Fast Process Corner)
  Requirement:            0.000ns  (sys_clk_pin rise@0.000ns - sys_clk_pin rise@0.000ns)
  Data Path Delay:        0.593ns  (logic 0.466ns (78.548%)  route 0.127ns (21.452%))
  Logic Levels:           4  (CARRY4=4)
  Clock Path Skew:        0.264ns (DCD - SCD - CPR)
    Destination Clock Delay (DCD):    2.018ns
    Source Clock Delay      (SCD):    1.507ns
    Clock Pessimism Removal (CPR):    0.247ns

    Location             Delay type                Incr(ns)  Path(ns)    Netlist Resource(s)
  -------------------------------------------------------------------    -------------------
                         (clock sys_clk_pin rise edge)
                                                      0.000     0.000 r  
    K17                                               0.000     0.000 r  sys_clk (IN)
                         net (fo=0)                   0.000     0.000    sys_clk
    K17                  IBUF (Prop_ibuf_I_O)         0.259     0.259 r  sys_clk_IBUF_inst/O
                         net (fo=1, routed)           0.627     0.887    sys_clk_IBUF
    BUFGCTRL_X0Y16       BUFG (Prop_bufg_I_O)         0.026     0.913 r  sys_clk_IBUF_BUFG_inst/O
                         net (fo=33, routed)          0.595     1.507    sys_clk_IBUF_BUFG
    SLICE_X42Y49         FDRE                                         r  counter_reg[2]/C
  -------------------------------------------------------------------    -------------------
    SLICE_X42Y49         FDRE (Prop_fdre_C_Q)         0.164     1.671 r  counter_reg[2]/Q
                         net (fo=2, routed)           0.127     1.798    counter_reg[2]
    SLICE_X42Y49         CARRY4 (Prop_carry4_S[2]_CO[3])
                                                      0.156     1.954 r  counter_reg[0]_i_2/CO[3]
                         net (fo=1, routed)           0.001     1.954    counter_reg[0]_i_2_n_0
    SLICE_X42Y50         CARRY4 (Prop_carry4_CI_CO[3])
                                                      0.040     1.994 r  counter_reg[4]_i_1/CO[3]
                         net (fo=1, routed)           0.000     1.994    counter_reg[4]_i_1_n_0
    SLICE_X42Y51         CARRY4 (Prop_carry4_CI_CO[3])
                                                      0.040     2.034 r  counter_reg[8]_i_1/CO[3]
                         net (fo=1, routed)           0.000     2.034    counter_reg[8]_i_1_n_0
    SLICE_X42Y52         CARRY4 (Prop_carry4_CI_O[2])
                                                      0.066     2.100 r  counter_reg[12]_i_1/O[2]
                         net (fo=1, routed)           0.000     2.100    counter_reg[12]_i_1_n_5
    SLICE_X42Y52         FDRE                                         r  counter_reg[14]/D
  -------------------------------------------------------------------    -------------------

                         (clock sys_clk_pin rise edge)
                                                      0.000     0.000 r  
    K17                                               0.000     0.000 r  sys_clk (IN)
                         net (fo=0)                   0.000     0.000    sys_clk
    K17                  IBUF (Prop_ibuf_I_O)         0.447     0.447 r  sys_clk_IBUF_inst/O
                         net (fo=1, routed)           0.683     1.130    sys_clk_IBUF
    BUFGCTRL_X0Y16       BUFG (Prop_bufg_I_O)         0.029     1.159 r  sys_clk_IBUF_BUFG_inst/O
                         net (fo=33, routed)          0.859     2.018    sys_clk_IBUF_BUFG
    SLICE_X42Y52         FDRE                                         r  counter_reg[14]/C
                         clock pessimism             -0.247     1.772    
    SLICE_X42Y52         FDRE (Hold_fdre_C_D)         0.134     1.906    counter_reg[14]
  -------------------------------------------------------------------
                         required time                         -1.906    
                         arrival time                           2.100    
  -------------------------------------------------------------------
                         slack                                  0.195    





Pulse Width Checks
--------------------------------------------------------------------------------------
Clock Name:         sys_clk_pin
Waveform(ns):       { 0.000 4.000 }
Period(ns):         8.000
Sources:            { sys_clk }

Check Type        Corner  Lib Pin  Reference Pin  Required(ns)  Actual(ns)  Slack(ns)  Location        Pin
Min Period        n/a     BUFG/I   n/a            2.155         8.000       5.845      BUFGCTRL_X0Y16  sys_clk_IBUF_BUFG_inst/I
Min Period        n/a     FDRE/C   n/a            1.000         8.000       7.000      SLICE_X42Y49    counter_reg[0]/C
Min Period        n/a     FDRE/C   n/a            1.000         8.000       7.000      SLICE_X42Y51    counter_reg[10]/C
Min Period        n/a     FDRE/C   n/a            1.000         8.000       7.000      SLICE_X42Y51    counter_reg[11]/C
Min Period        n/a     FDRE/C   n/a            1.000         8.000       7.000      SLICE_X42Y52    counter_reg[12]/C
Min Period        n/a     FDRE/C   n/a            1.000         8.000       7.000      SLICE_X42Y52    counter_reg[13]/C
Min Period        n/a     FDRE/C   n/a            1.000         8.000       7.000      SLICE_X42Y52    counter_reg[14]/C
Min Period        n/a     FDRE/C   n/a            1.000         8.000       7.000      SLICE_X42Y52    counter_reg[15]/C
Min Period        n/a     FDRE/C   n/a            1.000         8.000       7.000      SLICE_X42Y53    counter_reg[16]/C
Min Period        n/a     FDRE/C   n/a            1.000         8.000       7.000      SLICE_X42Y53    counter_reg[17]/C
Low Pulse Width   Slow    FDRE/C   n/a            0.500         4.000       3.500      SLICE_X42Y49    counter_reg[0]/C
Low Pulse Width   Fast    FDRE/C   n/a            0.500         4.000       3.500      SLICE_X42Y49    counter_reg[0]/C
Low Pulse Width   Slow    FDRE/C   n/a            0.500         4.000       3.500      SLICE_X42Y51    counter_reg[10]/C
Low Pulse Width   Fast    FDRE/C   n/a            0.500         4.000       3.500      SLICE_X42Y51    counter_reg[10]/C
Low Pulse Width   Slow    FDRE/C   n/a            0.500         4.000       3.500      SLICE_X42Y51    counter_reg[11]/C
Low Pulse Width   Fast    FDRE/C   n/a            0.500         4.000       3.500      SLICE_X42Y51    counter_reg[11]/C
Low Pulse Width   Slow    FDRE/C   n/a            0.500         4.000       3.500      SLICE_X42Y52    counter_reg[12]/C
Low Pulse Width   Fast    FDRE/C   n/a            0.500         4.000       3.500      SLICE_X42Y52    counter_reg[12]/C
Low Pulse Width   Slow    FDRE/C   n/a            0.500         4.000       3.500      SLICE_X42Y52    counter_reg[13]/C
Low Pulse Width   Fast    FDRE/C   n/a            0.500         4.000       3.500      SLICE_X42Y52    counter_reg[13]/C
High Pulse Width  Slow    FDRE/C   n/a            0.500         4.000       3.500      SLICE_X42Y49    counter_reg[0]/C
High Pulse Width  Fast    FDRE/C   n/a            0.500         4.000       3.500      SLICE_X42Y49    counter_reg[0]/C
High Pulse Width  Slow    FDRE/C   n/a            0.500         4.000       3.500      SLICE_X42Y51    counter_reg[10]/C
High Pulse Width  Fast    FDRE/C   n/a            0.500         4.000       3.500      SLICE_X42Y51    counter_reg[10]/C
High Pulse Width  Slow    FDRE/C   n/a            0.500         4.000       3.500      SLICE_X42Y51    counter_reg[11]/C
High Pulse Width  Fast    FDRE/C   n/a            0.500         4.000       3.500      SLICE_X42Y51    counter_reg[11]/C
High Pulse Width  Slow    FDRE/C   n/a            0.500         4.000       3.500      SLICE_X42Y52    counter_reg[12]/C
High Pulse Width  Fast    FDRE/C   n/a            0.500         4.000       3.500      SLICE_X42Y52    counter_reg[12]/C
High Pulse Width  Slow    FDRE/C   n/a            0.500         4.000       3.500      SLICE_X42Y52    counter_reg[13]/C
High Pulse Width  Fast    FDRE/C   n/a            0.500         4.000       3.500      SLICE_X42Y52    counter_reg[13]/C



--------------------------------------------------------------------------------------
Path Group:  (none)
From Clock:  sys_clk_pin
  To Clock:  

Max Delay             1 Endpoint
Min Delay             1 Endpoint
--------------------------------------------------------------------------------------


Max Delay Paths
--------------------------------------------------------------------------------------
Slack:                    inf
  Source:                 led_out_i_reg/C
                            (rising edge-triggered cell FDRE clocked by sys_clk_pin  {rise@0.000ns fall@4.000ns period=8.000ns})
  Destination:            led_out
                            (output port)
  Path Group:             (none)
  Path Type:              Max at Slow Process Corner
  Data Path Delay:        5.671ns  (logic 3.987ns (70.304%)  route 1.684ns (29.696%))
  Logic Levels:           1  (OBUF=1)
  Clock Uncertainty:      0.025ns  ((TSJ^2 + TIJ^2)^1/2 + DJ) / 2 + PE
    Total System Jitter     (TSJ):    0.050ns
    Total Input Jitter      (TIJ):    0.000ns
    Discrete Jitter          (DJ):    0.000ns
    Phase Error              (PE):    0.000ns

    Location             Delay type                Incr(ns)  Path(ns)    Netlist Resource(s)
  -------------------------------------------------------------------    -------------------
                         (clock sys_clk_pin rise edge)
                                                      0.000     0.000 r  
    K17                                               0.000     0.000 r  sys_clk (IN)
                         net (fo=0)                   0.000     0.000    sys_clk
    K17                  IBUF (Prop_ibuf_I_O)         1.492     1.492 r  sys_clk_IBUF_inst/O
                         net (fo=1, routed)           2.076     3.568    sys_clk_IBUF
    BUFGCTRL_X0Y16       BUFG (Prop_bufg_I_O)         0.101     3.669 r  sys_clk_IBUF_BUFG_inst/O
                         net (fo=33, routed)          1.740     5.409    sys_clk_IBUF_BUFG
    SLICE_X43Y53         FDRE                                         r  led_out_i_reg/C
  -------------------------------------------------------------------    -------------------
    SLICE_X43Y53         FDRE (Prop_fdre_C_Q)         0.456     5.865 r  led_out_i_reg/Q
                         net (fo=2, routed)           1.684     7.549    led_out_OBUF
    M14                  OBUF (Prop_obuf_I_O)         3.531    11.080 r  led_out_OBUF_inst/O
                         net (fo=0)                   0.000    11.080    led_out
    M14                                                               r  led_out (OUT)
  -------------------------------------------------------------------    -------------------





Min Delay Paths
--------------------------------------------------------------------------------------
Slack:                    inf
  Source:                 led_out_i_reg/C
                            (rising edge-triggered cell FDRE clocked by sys_clk_pin  {rise@0.000ns fall@4.000ns period=8.000ns})
  Destination:            led_out
                            (output port)
  Path Group:             (none)
  Path Type:              Min at Fast Process Corner
  Data Path Delay:        1.712ns  (logic 1.373ns (80.192%)  route 0.339ns (19.808%))
  Logic Levels:           1  (OBUF=1)
  Clock Uncertainty:      0.025ns  ((TSJ^2 + TIJ^2)^1/2 + DJ) / 2 + PE
    Total System Jitter     (TSJ):    0.050ns
    Total Input Jitter      (TIJ):    0.000ns
    Discrete Jitter          (DJ):    0.000ns
    Phase Error              (PE):    0.000ns

    Location             Delay type                Incr(ns)  Path(ns)    Netlist Resource(s)
  -------------------------------------------------------------------    -------------------
                         (clock sys_clk_pin rise edge)
                                                      0.000     0.000 r  
    K17                                               0.000     0.000 r  sys_clk (IN)
                         net (fo=0)                   0.000     0.000    sys_clk
    K17                  IBUF (Prop_ibuf_I_O)         0.259     0.259 r  sys_clk_IBUF_inst/O
                         net (fo=1, routed)           0.627     0.887    sys_clk_IBUF
    BUFGCTRL_X0Y16       BUFG (Prop_bufg_I_O)         0.026     0.913 r  sys_clk_IBUF_BUFG_inst/O
                         net (fo=33, routed)          0.588     1.500    sys_clk_IBUF_BUFG
    SLICE_X43Y53         FDRE                                         r  led_out_i_reg/C
  -------------------------------------------------------------------    -------------------
    SLICE_X43Y53         FDRE (Prop_fdre_C_Q)         0.141     1.641 r  led_out_i_reg/Q
                         net (fo=2, routed)           0.339     1.980    led_out_OBUF
    M14                  OBUF (Prop_obuf_I_O)         1.232     3.212 r  led_out_OBUF_inst/O
                         net (fo=0)                   0.000     3.212    led_out
    M14                                                               r  led_out (OUT)
  -------------------------------------------------------------------    -------------------





--------------------------------------------------------------------------------------
Path Group:  (none)
From Clock:  
  To Clock:  sys_clk_pin

Max Delay            33 Endpoints
Min Delay            33 Endpoints
--------------------------------------------------------------------------------------


Max Delay Paths
--------------------------------------------------------------------------------------
Slack:                    inf
  Source:                 rst
                            (input port)
  Destination:            counter_reg[28]/R
                            (rising edge-triggered cell FDRE clocked by sys_clk_pin  {rise@0.000ns fall@4.000ns period=8.000ns})
  Path Group:             (none)
  Path Type:              Setup (Max at Slow Process Corner)
  Data Path Delay:        4.751ns  (logic 1.613ns (33.946%)  route 3.138ns (66.054%))
  Logic Levels:           2  (IBUF=1 LUT6=1)
  Clock Path Skew:        4.955ns (DCD - SCD + CPR)
    Destination Clock Delay (DCD):    4.955ns
    Source Clock Delay      (SCD):    0.000ns
    Clock Pessimism Removal (CPR):    0.000ns
  Clock Uncertainty:      0.025ns  ((TSJ^2 + TIJ^2)^1/2 + DJ) / 2 + PE
    Total System Jitter     (TSJ):    0.050ns
    Total Input Jitter      (TIJ):    0.000ns
    Discrete Jitter          (DJ):    0.000ns
    Phase Error              (PE):    0.000ns

    Location             Delay type                Incr(ns)  Path(ns)    Netlist Resource(s)
  -------------------------------------------------------------------    -------------------
    K18                                               0.000     0.000 r  rst (IN)
                         net (fo=0)                   0.000     0.000    rst
    K18                  IBUF (Prop_ibuf_I_O)         1.489     1.489 r  rst_IBUF_inst/O
                         net (fo=2, routed)           2.248     3.737    rst_IBUF
    SLICE_X43Y53         LUT6 (Prop_lut6_I1_O)        0.124     3.861 r  counter[0]_i_1/O
                         net (fo=32, routed)          0.891     4.751    counter[0]_i_1_n_0
    SLICE_X42Y56         FDRE                                         r  counter_reg[28]/R
  -------------------------------------------------------------------    -------------------

                         (clock sys_clk_pin rise edge)
                                                      0.000     0.000 r  
    K17                                               0.000     0.000 r  sys_clk (IN)
                         net (fo=0)                   0.000     0.000    sys_clk
    K17                  IBUF (Prop_ibuf_I_O)         1.421     1.421 r  sys_clk_IBUF_inst/O
                         net (fo=1, routed)           1.880     3.301    sys_clk_IBUF
    BUFGCTRL_X0Y16       BUFG (Prop_bufg_I_O)         0.091     3.392 r  sys_clk_IBUF_BUFG_inst/O
                         net (fo=33, routed)          1.563     4.955    sys_clk_IBUF_BUFG
    SLICE_X42Y56         FDRE                                         r  counter_reg[28]/C

Slack:                    inf
  Source:                 rst
                            (input port)
  Destination:            counter_reg[29]/R
                            (rising edge-triggered cell FDRE clocked by sys_clk_pin  {rise@0.000ns fall@4.000ns period=8.000ns})
  Path Group:             (none)
  Path Type:              Setup (Max at Slow Process Corner)
  Data Path Delay:        4.751ns  (logic 1.613ns (33.946%)  route 3.138ns (66.054%))
  Logic Levels:           2  (IBUF=1 LUT6=1)
  Clock Path Skew:        4.955ns (DCD - SCD + CPR)
    Destination Clock Delay (DCD):    4.955ns
    Source Clock Delay      (SCD):    0.000ns
    Clock Pessimism Removal (CPR):    0.000ns
  Clock Uncertainty:      0.025ns  ((TSJ^2 + TIJ^2)^1/2 + DJ) / 2 + PE
    Total System Jitter     (TSJ):    0.050ns
    Total Input Jitter      (TIJ):    0.000ns
    Discrete Jitter          (DJ):    0.000ns
    Phase Error              (PE):    0.000ns

    Location             Delay type                Incr(ns)  Path(ns)    Netlist Resource(s)
  -------------------------------------------------------------------    -------------------
    K18                                               0.000     0.000 r  rst (IN)
                         net (fo=0)                   0.000     0.000    rst
    K18                  IBUF (Prop_ibuf_I_O)         1.489     1.489 r  rst_IBUF_inst/O
                         net (fo=2, routed)           2.248     3.737    rst_IBUF
    SLICE_X43Y53         LUT6 (Prop_lut6_I1_O)        0.124     3.861 r  counter[0]_i_1/O
                         net (fo=32, routed)          0.891     4.751    counter[0]_i_1_n_0
    SLICE_X42Y56         FDRE                                         r  counter_reg[29]/R
  -------------------------------------------------------------------    -------------------

                         (clock sys_clk_pin rise edge)
                                                      0.000     0.000 r  
    K17                                               0.000     0.000 r  sys_clk (IN)
                         net (fo=0)                   0.000     0.000    sys_clk
    K17                  IBUF (Prop_ibuf_I_O)         1.421     1.421 r  sys_clk_IBUF_inst/O
                         net (fo=1, routed)           1.880     3.301    sys_clk_IBUF
    BUFGCTRL_X0Y16       BUFG (Prop_bufg_I_O)         0.091     3.392 r  sys_clk_IBUF_BUFG_inst/O
                         net (fo=33, routed)          1.563     4.955    sys_clk_IBUF_BUFG
    SLICE_X42Y56         FDRE                                         r  counter_reg[29]/C

Slack:                    inf
  Source:                 rst
                            (input port)
  Destination:            counter_reg[30]/R
                            (rising edge-triggered cell FDRE clocked by sys_clk_pin  {rise@0.000ns fall@4.000ns period=8.000ns})
  Path Group:             (none)
  Path Type:              Setup (Max at Slow Process Corner)
  Data Path Delay:        4.751ns  (logic 1.613ns (33.946%)  route 3.138ns (66.054%))
  Logic Levels:           2  (IBUF=1 LUT6=1)
  Clock Path Skew:        4.955ns (DCD - SCD + CPR)
    Destination Clock Delay (DCD):    4.955ns
    Source Clock Delay      (SCD):    0.000ns
    Clock Pessimism Removal (CPR):    0.000ns
  Clock Uncertainty:      0.025ns  ((TSJ^2 + TIJ^2)^1/2 + DJ) / 2 + PE
    Total System Jitter     (TSJ):    0.050ns
    Total Input Jitter      (TIJ):    0.000ns
    Discrete Jitter          (DJ):    0.000ns
    Phase Error              (PE):    0.000ns

    Location             Delay type                Incr(ns)  Path(ns)    Netlist Resource(s)
  -------------------------------------------------------------------    -------------------
    K18                                               0.000     0.000 r  rst (IN)
                         net (fo=0)                   0.000     0.000    rst
    K18                  IBUF (Prop_ibuf_I_O)         1.489     1.489 r  rst_IBUF_inst/O
                         net (fo=2, routed)           2.248     3.737    rst_IBUF
    SLICE_X43Y53         LUT6 (Prop_lut6_I1_O)        0.124     3.861 r  counter[0]_i_1/O
                         net (fo=32, routed)          0.891     4.751    counter[0]_i_1_n_0
    SLICE_X42Y56         FDRE                                         r  counter_reg[30]/R
  -------------------------------------------------------------------    -------------------

                         (clock sys_clk_pin rise edge)
                                                      0.000     0.000 r  
    K17                                               0.000     0.000 r  sys_clk (IN)
                         net (fo=0)                   0.000     0.000    sys_clk
    K17                  IBUF (Prop_ibuf_I_O)         1.421     1.421 r  sys_clk_IBUF_inst/O
                         net (fo=1, routed)           1.880     3.301    sys_clk_IBUF
    BUFGCTRL_X0Y16       BUFG (Prop_bufg_I_O)         0.091     3.392 r  sys_clk_IBUF_BUFG_inst/O
                         net (fo=33, routed)          1.563     4.955    sys_clk_IBUF_BUFG
    SLICE_X42Y56         FDRE                                         r  counter_reg[30]/C

Slack:                    inf
  Source:                 rst
                            (input port)
  Destination:            counter_reg[31]/R
                            (rising edge-triggered cell FDRE clocked by sys_clk_pin  {rise@0.000ns fall@4.000ns period=8.000ns})
  Path Group:             (none)
  Path Type:              Setup (Max at Slow Process Corner)
  Data Path Delay:        4.751ns  (logic 1.613ns (33.946%)  route 3.138ns (66.054%))
  Logic Levels:           2  (IBUF=1 LUT6=1)
  Clock Path Skew:        4.955ns (DCD - SCD + CPR)
    Destination Clock Delay (DCD):    4.955ns
    Source Clock Delay      (SCD):    0.000ns
    Clock Pessimism Removal (CPR):    0.000ns
  Clock Uncertainty:      0.025ns  ((TSJ^2 + TIJ^2)^1/2 + DJ) / 2 + PE
    Total System Jitter     (TSJ):    0.050ns
    Total Input Jitter      (TIJ):    0.000ns
    Discrete Jitter          (DJ):    0.000ns
    Phase Error              (PE):    0.000ns

    Location             Delay type                Incr(ns)  Path(ns)    Netlist Resource(s)
  -------------------------------------------------------------------    -------------------
    K18                                               0.000     0.000 r  rst (IN)
                         net (fo=0)                   0.000     0.000    rst
    K18                  IBUF (Prop_ibuf_I_O)         1.489     1.489 r  rst_IBUF_inst/O
                         net (fo=2, routed)           2.248     3.737    rst_IBUF
    SLICE_X43Y53         LUT6 (Prop_lut6_I1_O)        0.124     3.861 r  counter[0]_i_1/O
                         net (fo=32, routed)          0.891     4.751    counter[0]_i_1_n_0
    SLICE_X42Y56         FDRE                                         r  counter_reg[31]/R
  -------------------------------------------------------------------    -------------------

                         (clock sys_clk_pin rise edge)
                                                      0.000     0.000 r  
    K17                                               0.000     0.000 r  sys_clk (IN)
                         net (fo=0)                   0.000     0.000    sys_clk
    K17                  IBUF (Prop_ibuf_I_O)         1.421     1.421 r  sys_clk_IBUF_inst/O
                         net (fo=1, routed)           1.880     3.301    sys_clk_IBUF
    BUFGCTRL_X0Y16       BUFG (Prop_bufg_I_O)         0.091     3.392 r  sys_clk_IBUF_BUFG_inst/O
                         net (fo=33, routed)          1.563     4.955    sys_clk_IBUF_BUFG
    SLICE_X42Y56         FDRE                                         r  counter_reg[31]/C

Slack:                    inf
  Source:                 rst
                            (input port)
  Destination:            counter_reg[0]/R
                            (rising edge-triggered cell FDRE clocked by sys_clk_pin  {rise@0.000ns fall@4.000ns period=8.000ns})
  Path Group:             (none)
  Path Type:              Setup (Max at Slow Process Corner)
  Data Path Delay:        4.722ns  (logic 1.613ns (34.154%)  route 3.109ns (65.846%))
  Logic Levels:           2  (IBUF=1 LUT6=1)
  Clock Path Skew:        4.973ns (DCD - SCD + CPR)
    Destination Clock Delay (DCD):    4.973ns
    Source Clock Delay      (SCD):    0.000ns
    Clock Pessimism Removal (CPR):    0.000ns
  Clock Uncertainty:      0.025ns  ((TSJ^2 + TIJ^2)^1/2 + DJ) / 2 + PE
    Total System Jitter     (TSJ):    0.050ns
    Total Input Jitter      (TIJ):    0.000ns
    Discrete Jitter          (DJ):    0.000ns
    Phase Error              (PE):    0.000ns

    Location             Delay type                Incr(ns)  Path(ns)    Netlist Resource(s)
  -------------------------------------------------------------------    -------------------
    K18                                               0.000     0.000 r  rst (IN)
                         net (fo=0)                   0.000     0.000    rst
    K18                  IBUF (Prop_ibuf_I_O)         1.489     1.489 r  rst_IBUF_inst/O
                         net (fo=2, routed)           2.248     3.737    rst_IBUF
    SLICE_X43Y53         LUT6 (Prop_lut6_I1_O)        0.124     3.861 r  counter[0]_i_1/O
                         net (fo=32, routed)          0.862     4.722    counter[0]_i_1_n_0
    SLICE_X42Y49         FDRE                                         r  counter_reg[0]/R
  -------------------------------------------------------------------    -------------------

                         (clock sys_clk_pin rise edge)
                                                      0.000     0.000 r  
    K17                                               0.000     0.000 r  sys_clk (IN)
                         net (fo=0)                   0.000     0.000    sys_clk
    K17                  IBUF (Prop_ibuf_I_O)         1.421     1.421 r  sys_clk_IBUF_inst/O
                         net (fo=1, routed)           1.880     3.301    sys_clk_IBUF
    BUFGCTRL_X0Y16       BUFG (Prop_bufg_I_O)         0.091     3.392 r  sys_clk_IBUF_BUFG_inst/O
                         net (fo=33, routed)          1.580     4.972    sys_clk_IBUF_BUFG
    SLICE_X42Y49         FDRE                                         r  counter_reg[0]/C

Slack:                    inf
  Source:                 rst
                            (input port)
  Destination:            counter_reg[1]/R
                            (rising edge-triggered cell FDRE clocked by sys_clk_pin  {rise@0.000ns fall@4.000ns period=8.000ns})
  Path Group:             (none)
  Path Type:              Setup (Max at Slow Process Corner)
  Data Path Delay:        4.722ns  (logic 1.613ns (34.154%)  route 3.109ns (65.846%))
  Logic Levels:           2  (IBUF=1 LUT6=1)
  Clock Path Skew:        4.973ns (DCD - SCD + CPR)
    Destination Clock Delay (DCD):    4.973ns
    Source Clock Delay      (SCD):    0.000ns
    Clock Pessimism Removal (CPR):    0.000ns
  Clock Uncertainty:      0.025ns  ((TSJ^2 + TIJ^2)^1/2 + DJ) / 2 + PE
    Total System Jitter     (TSJ):    0.050ns
    Total Input Jitter      (TIJ):    0.000ns
    Discrete Jitter          (DJ):    0.000ns
    Phase Error              (PE):    0.000ns

    Location             Delay type                Incr(ns)  Path(ns)    Netlist Resource(s)
  -------------------------------------------------------------------    -------------------
    K18                                               0.000     0.000 r  rst (IN)
                         net (fo=0)                   0.000     0.000    rst
    K18                  IBUF (Prop_ibuf_I_O)         1.489     1.489 r  rst_IBUF_inst/O
                         net (fo=2, routed)           2.248     3.737    rst_IBUF
    SLICE_X43Y53         LUT6 (Prop_lut6_I1_O)        0.124     3.861 r  counter[0]_i_1/O
                         net (fo=32, routed)          0.862     4.722    counter[0]_i_1_n_0
    SLICE_X42Y49         FDRE                                         r  counter_reg[1]/R
  -------------------------------------------------------------------    -------------------

                         (clock sys_clk_pin rise edge)
                                                      0.000     0.000 r  
    K17                                               0.000     0.000 r  sys_clk (IN)
                         net (fo=0)                   0.000     0.000    sys_clk
    K17                  IBUF (Prop_ibuf_I_O)         1.421     1.421 r  sys_clk_IBUF_inst/O
                         net (fo=1, routed)           1.880     3.301    sys_clk_IBUF
    BUFGCTRL_X0Y16       BUFG (Prop_bufg_I_O)         0.091     3.392 r  sys_clk_IBUF_BUFG_inst/O
                         net (fo=33, routed)          1.580     4.972    sys_clk_IBUF_BUFG
    SLICE_X42Y49         FDRE                                         r  counter_reg[1]/C

Slack:                    inf
  Source:                 rst
                            (input port)
  Destination:            counter_reg[2]/R
                            (rising edge-triggered cell FDRE clocked by sys_clk_pin  {rise@0.000ns fall@4.000ns period=8.000ns})
  Path Group:             (none)
  Path Type:              Setup (Max at Slow Process Corner)
  Data Path Delay:        4.722ns  (logic 1.613ns (34.154%)  route 3.109ns (65.846%))
  Logic Levels:           2  (IBUF=1 LUT6=1)
  Clock Path Skew:        4.973ns (DCD - SCD + CPR)
    Destination Clock Delay (DCD):    4.973ns
    Source Clock Delay      (SCD):    0.000ns
    Clock Pessimism Removal (CPR):    0.000ns
  Clock Uncertainty:      0.025ns  ((TSJ^2 + TIJ^2)^1/2 + DJ) / 2 + PE
    Total System Jitter     (TSJ):    0.050ns
    Total Input Jitter      (TIJ):    0.000ns
    Discrete Jitter          (DJ):    0.000ns
    Phase Error              (PE):    0.000ns

    Location             Delay type                Incr(ns)  Path(ns)    Netlist Resource(s)
  -------------------------------------------------------------------    -------------------
    K18                                               0.000     0.000 r  rst (IN)
                         net (fo=0)                   0.000     0.000    rst
    K18                  IBUF (Prop_ibuf_I_O)         1.489     1.489 r  rst_IBUF_inst/O
                         net (fo=2, routed)           2.248     3.737    rst_IBUF
    SLICE_X43Y53         LUT6 (Prop_lut6_I1_O)        0.124     3.861 r  counter[0]_i_1/O
                         net (fo=32, routed)          0.862     4.722    counter[0]_i_1_n_0
    SLICE_X42Y49         FDRE                                         r  counter_reg[2]/R
  -------------------------------------------------------------------    -------------------

                         (clock sys_clk_pin rise edge)
                                                      0.000     0.000 r  
    K17                                               0.000     0.000 r  sys_clk (IN)
                         net (fo=0)                   0.000     0.000    sys_clk
    K17                  IBUF (Prop_ibuf_I_O)         1.421     1.421 r  sys_clk_IBUF_inst/O
                         net (fo=1, routed)           1.880     3.301    sys_clk_IBUF
    BUFGCTRL_X0Y16       BUFG (Prop_bufg_I_O)         0.091     3.392 r  sys_clk_IBUF_BUFG_inst/O
                         net (fo=33, routed)          1.580     4.972    sys_clk_IBUF_BUFG
    SLICE_X42Y49         FDRE                                         r  counter_reg[2]/C

Slack:                    inf
  Source:                 rst
                            (input port)
  Destination:            counter_reg[3]/R
                            (rising edge-triggered cell FDRE clocked by sys_clk_pin  {rise@0.000ns fall@4.000ns period=8.000ns})
  Path Group:             (none)
  Path Type:              Setup (Max at Slow Process Corner)
  Data Path Delay:        4.722ns  (logic 1.613ns (34.154%)  route 3.109ns (65.846%))
  Logic Levels:           2  (IBUF=1 LUT6=1)
  Clock Path Skew:        4.973ns (DCD - SCD + CPR)
    Destination Clock Delay (DCD):    4.973ns
    Source Clock Delay      (SCD):    0.000ns
    Clock Pessimism Removal (CPR):    0.000ns
  Clock Uncertainty:      0.025ns  ((TSJ^2 + TIJ^2)^1/2 + DJ) / 2 + PE
    Total System Jitter     (TSJ):    0.050ns
    Total Input Jitter      (TIJ):    0.000ns
    Discrete Jitter          (DJ):    0.000ns
    Phase Error              (PE):    0.000ns

    Location             Delay type                Incr(ns)  Path(ns)    Netlist Resource(s)
  -------------------------------------------------------------------    -------------------
    K18                                               0.000     0.000 r  rst (IN)
                         net (fo=0)                   0.000     0.000    rst
    K18                  IBUF (Prop_ibuf_I_O)         1.489     1.489 r  rst_IBUF_inst/O
                         net (fo=2, routed)           2.248     3.737    rst_IBUF
    SLICE_X43Y53         LUT6 (Prop_lut6_I1_O)        0.124     3.861 r  counter[0]_i_1/O
                         net (fo=32, routed)          0.862     4.722    counter[0]_i_1_n_0
    SLICE_X42Y49         FDRE                                         r  counter_reg[3]/R
  -------------------------------------------------------------------    -------------------

                         (clock sys_clk_pin rise edge)
                                                      0.000     0.000 r  
    K17                                               0.000     0.000 r  sys_clk (IN)
                         net (fo=0)                   0.000     0.000    sys_clk
    K17                  IBUF (Prop_ibuf_I_O)         1.421     1.421 r  sys_clk_IBUF_inst/O
                         net (fo=1, routed)           1.880     3.301    sys_clk_IBUF
    BUFGCTRL_X0Y16       BUFG (Prop_bufg_I_O)         0.091     3.392 r  sys_clk_IBUF_BUFG_inst/O
                         net (fo=33, routed)          1.580     4.972    sys_clk_IBUF_BUFG
    SLICE_X42Y49         FDRE                                         r  counter_reg[3]/C

Slack:                    inf
  Source:                 rst
                            (input port)
  Destination:            counter_reg[24]/R
                            (rising edge-triggered cell FDRE clocked by sys_clk_pin  {rise@0.000ns fall@4.000ns period=8.000ns})
  Path Group:             (none)
  Path Type:              Setup (Max at Slow Process Corner)
  Data Path Delay:        4.613ns  (logic 1.613ns (34.965%)  route 3.000ns (65.035%))
  Logic Levels:           2  (IBUF=1 LUT6=1)
  Clock Path Skew:        4.955ns (DCD - SCD + CPR)
    Destination Clock Delay (DCD):    4.955ns
    Source Clock Delay      (SCD):    0.000ns
    Clock Pessimism Removal (CPR):    0.000ns
  Clock Uncertainty:      0.025ns  ((TSJ^2 + TIJ^2)^1/2 + DJ) / 2 + PE
    Total System Jitter     (TSJ):    0.050ns
    Total Input Jitter      (TIJ):    0.000ns
    Discrete Jitter          (DJ):    0.000ns
    Phase Error              (PE):    0.000ns

    Location             Delay type                Incr(ns)  Path(ns)    Netlist Resource(s)
  -------------------------------------------------------------------    -------------------
    K18                                               0.000     0.000 r  rst (IN)
                         net (fo=0)                   0.000     0.000    rst
    K18                  IBUF (Prop_ibuf_I_O)         1.489     1.489 r  rst_IBUF_inst/O
                         net (fo=2, routed)           2.248     3.737    rst_IBUF
    SLICE_X43Y53         LUT6 (Prop_lut6_I1_O)        0.124     3.861 r  counter[0]_i_1/O
                         net (fo=32, routed)          0.752     4.613    counter[0]_i_1_n_0
    SLICE_X42Y55         FDRE                                         r  counter_reg[24]/R
  -------------------------------------------------------------------    -------------------

                         (clock sys_clk_pin rise edge)
                                                      0.000     0.000 r  
    K17                                               0.000     0.000 r  sys_clk (IN)
                         net (fo=0)                   0.000     0.000    sys_clk
    K17                  IBUF (Prop_ibuf_I_O)         1.421     1.421 r  sys_clk_IBUF_inst/O
                         net (fo=1, routed)           1.880     3.301    sys_clk_IBUF
    BUFGCTRL_X0Y16       BUFG (Prop_bufg_I_O)         0.091     3.392 r  sys_clk_IBUF_BUFG_inst/O
                         net (fo=33, routed)          1.563     4.955    sys_clk_IBUF_BUFG
    SLICE_X42Y55         FDRE                                         r  counter_reg[24]/C

Slack:                    inf
  Source:                 rst
                            (input port)
  Destination:            counter_reg[25]/R
                            (rising edge-triggered cell FDRE clocked by sys_clk_pin  {rise@0.000ns fall@4.000ns period=8.000ns})
  Path Group:             (none)
  Path Type:              Setup (Max at Slow Process Corner)
  Data Path Delay:        4.613ns  (logic 1.613ns (34.965%)  route 3.000ns (65.035%))
  Logic Levels:           2  (IBUF=1 LUT6=1)
  Clock Path Skew:        4.955ns (DCD - SCD + CPR)
    Destination Clock Delay (DCD):    4.955ns
    Source Clock Delay      (SCD):    0.000ns
    Clock Pessimism Removal (CPR):    0.000ns
  Clock Uncertainty:      0.025ns  ((TSJ^2 + TIJ^2)^1/2 + DJ) / 2 + PE
    Total System Jitter     (TSJ):    0.050ns
    Total Input Jitter      (TIJ):    0.000ns
    Discrete Jitter          (DJ):    0.000ns
    Phase Error              (PE):    0.000ns

    Location             Delay type                Incr(ns)  Path(ns)    Netlist Resource(s)
  -------------------------------------------------------------------    -------------------
    K18                                               0.000     0.000 r  rst (IN)
                         net (fo=0)                   0.000     0.000    rst
    K18                  IBUF (Prop_ibuf_I_O)         1.489     1.489 r  rst_IBUF_inst/O
                         net (fo=2, routed)           2.248     3.737    rst_IBUF
    SLICE_X43Y53         LUT6 (Prop_lut6_I1_O)        0.124     3.861 r  counter[0]_i_1/O
                         net (fo=32, routed)          0.752     4.613    counter[0]_i_1_n_0
    SLICE_X42Y55         FDRE                                         r  counter_reg[25]/R
  -------------------------------------------------------------------    -------------------

                         (clock sys_clk_pin rise edge)
                                                      0.000     0.000 r  
    K17                                               0.000     0.000 r  sys_clk (IN)
                         net (fo=0)                   0.000     0.000    sys_clk
    K17                  IBUF (Prop_ibuf_I_O)         1.421     1.421 r  sys_clk_IBUF_inst/O
                         net (fo=1, routed)           1.880     3.301    sys_clk_IBUF
    BUFGCTRL_X0Y16       BUFG (Prop_bufg_I_O)         0.091     3.392 r  sys_clk_IBUF_BUFG_inst/O
                         net (fo=33, routed)          1.563     4.955    sys_clk_IBUF_BUFG
    SLICE_X42Y55         FDRE                                         r  counter_reg[25]/C





Min Delay Paths
--------------------------------------------------------------------------------------
Slack:                    inf
  Source:                 led_en
                            (input port)
  Destination:            counter_reg[12]/R
                            (rising edge-triggered cell FDRE clocked by sys_clk_pin  {rise@0.000ns fall@4.000ns period=8.000ns})
  Path Group:             (none)
  Path Type:              Hold (Min at Fast Process Corner)
  Data Path Delay:        1.122ns  (logic 0.265ns (23.667%)  route 0.856ns (76.333%))
  Logic Levels:           2  (IBUF=1 LUT6=1)
  Clock Path Skew:        2.018ns (DCD - SCD - CPR)
    Destination Clock Delay (DCD):    2.018ns
    Source Clock Delay      (SCD):    0.000ns
    Clock Pessimism Removal (CPR):    -0.000ns

    Location             Delay type                Incr(ns)  Path(ns)    Netlist Resource(s)
  -------------------------------------------------------------------    -------------------
    G15                                               0.000     0.000 f  led_en (IN)
                         net (fo=0)                   0.000     0.000    led_en
    G15                  IBUF (Prop_ibuf_I_O)         0.220     0.220 f  led_en_IBUF_inst/O
                         net (fo=2, routed)           0.716     0.937    led_en_IBUF
    SLICE_X43Y53         LUT6 (Prop_lut6_I0_O)        0.045     0.982 r  counter[0]_i_1/O
                         net (fo=32, routed)          0.140     1.122    counter[0]_i_1_n_0
    SLICE_X42Y52         FDRE                                         r  counter_reg[12]/R
  -------------------------------------------------------------------    -------------------

                         (clock sys_clk_pin rise edge)
                                                      0.000     0.000 r  
    K17                                               0.000     0.000 r  sys_clk (IN)
                         net (fo=0)                   0.000     0.000    sys_clk
    K17                  IBUF (Prop_ibuf_I_O)         0.447     0.447 r  sys_clk_IBUF_inst/O
                         net (fo=1, routed)           0.683     1.130    sys_clk_IBUF
    BUFGCTRL_X0Y16       BUFG (Prop_bufg_I_O)         0.029     1.159 r  sys_clk_IBUF_BUFG_inst/O
                         net (fo=33, routed)          0.859     2.018    sys_clk_IBUF_BUFG
    SLICE_X42Y52         FDRE                                         r  counter_reg[12]/C

Slack:                    inf
  Source:                 led_en
                            (input port)
  Destination:            counter_reg[13]/R
                            (rising edge-triggered cell FDRE clocked by sys_clk_pin  {rise@0.000ns fall@4.000ns period=8.000ns})
  Path Group:             (none)
  Path Type:              Hold (Min at Fast Process Corner)
  Data Path Delay:        1.122ns  (logic 0.265ns (23.667%)  route 0.856ns (76.333%))
  Logic Levels:           2  (IBUF=1 LUT6=1)
  Clock Path Skew:        2.018ns (DCD - SCD - CPR)
    Destination Clock Delay (DCD):    2.018ns
    Source Clock Delay      (SCD):    0.000ns
    Clock Pessimism Removal (CPR):    -0.000ns

    Location             Delay type                Incr(ns)  Path(ns)    Netlist Resource(s)
  -------------------------------------------------------------------    -------------------
    G15                                               0.000     0.000 f  led_en (IN)
                         net (fo=0)                   0.000     0.000    led_en
    G15                  IBUF (Prop_ibuf_I_O)         0.220     0.220 f  led_en_IBUF_inst/O
                         net (fo=2, routed)           0.716     0.937    led_en_IBUF
    SLICE_X43Y53         LUT6 (Prop_lut6_I0_O)        0.045     0.982 r  counter[0]_i_1/O
                         net (fo=32, routed)          0.140     1.122    counter[0]_i_1_n_0
    SLICE_X42Y52         FDRE                                         r  counter_reg[13]/R
  -------------------------------------------------------------------    -------------------

                         (clock sys_clk_pin rise edge)
                                                      0.000     0.000 r  
    K17                                               0.000     0.000 r  sys_clk (IN)
                         net (fo=0)                   0.000     0.000    sys_clk
    K17                  IBUF (Prop_ibuf_I_O)         0.447     0.447 r  sys_clk_IBUF_inst/O
                         net (fo=1, routed)           0.683     1.130    sys_clk_IBUF
    BUFGCTRL_X0Y16       BUFG (Prop_bufg_I_O)         0.029     1.159 r  sys_clk_IBUF_BUFG_inst/O
                         net (fo=33, routed)          0.859     2.018    sys_clk_IBUF_BUFG
    SLICE_X42Y52         FDRE                                         r  counter_reg[13]/C

Slack:                    inf
  Source:                 led_en
                            (input port)
  Destination:            counter_reg[14]/R
                            (rising edge-triggered cell FDRE clocked by sys_clk_pin  {rise@0.000ns fall@4.000ns period=8.000ns})
  Path Group:             (none)
  Path Type:              Hold (Min at Fast Process Corner)
  Data Path Delay:        1.122ns  (logic 0.265ns (23.667%)  route 0.856ns (76.333%))
  Logic Levels:           2  (IBUF=1 LUT6=1)
  Clock Path Skew:        2.018ns (DCD - SCD - CPR)
    Destination Clock Delay (DCD):    2.018ns
    Source Clock Delay      (SCD):    0.000ns
    Clock Pessimism Removal (CPR):    -0.000ns

    Location             Delay type                Incr(ns)  Path(ns)    Netlist Resource(s)
  -------------------------------------------------------------------    -------------------
    G15                                               0.000     0.000 f  led_en (IN)
                         net (fo=0)                   0.000     0.000    led_en
    G15                  IBUF (Prop_ibuf_I_O)         0.220     0.220 f  led_en_IBUF_inst/O
                         net (fo=2, routed)           0.716     0.937    led_en_IBUF
    SLICE_X43Y53         LUT6 (Prop_lut6_I0_O)        0.045     0.982 r  counter[0]_i_1/O
                         net (fo=32, routed)          0.140     1.122    counter[0]_i_1_n_0
    SLICE_X42Y52         FDRE                                         r  counter_reg[14]/R
  -------------------------------------------------------------------    -------------------

                         (clock sys_clk_pin rise edge)
                                                      0.000     0.000 r  
    K17                                               0.000     0.000 r  sys_clk (IN)
                         net (fo=0)                   0.000     0.000    sys_clk
    K17                  IBUF (Prop_ibuf_I_O)         0.447     0.447 r  sys_clk_IBUF_inst/O
                         net (fo=1, routed)           0.683     1.130    sys_clk_IBUF
    BUFGCTRL_X0Y16       BUFG (Prop_bufg_I_O)         0.029     1.159 r  sys_clk_IBUF_BUFG_inst/O
                         net (fo=33, routed)          0.859     2.018    sys_clk_IBUF_BUFG
    SLICE_X42Y52         FDRE                                         r  counter_reg[14]/C

Slack:                    inf
  Source:                 led_en
                            (input port)
  Destination:            counter_reg[15]/R
                            (rising edge-triggered cell FDRE clocked by sys_clk_pin  {rise@0.000ns fall@4.000ns period=8.000ns})
  Path Group:             (none)
  Path Type:              Hold (Min at Fast Process Corner)
  Data Path Delay:        1.122ns  (logic 0.265ns (23.667%)  route 0.856ns (76.333%))
  Logic Levels:           2  (IBUF=1 LUT6=1)
  Clock Path Skew:        2.018ns (DCD - SCD - CPR)
    Destination Clock Delay (DCD):    2.018ns
    Source Clock Delay      (SCD):    0.000ns
    Clock Pessimism Removal (CPR):    -0.000ns

    Location             Delay type                Incr(ns)  Path(ns)    Netlist Resource(s)
  -------------------------------------------------------------------    -------------------
    G15                                               0.000     0.000 f  led_en (IN)
                         net (fo=0)                   0.000     0.000    led_en
    G15                  IBUF (Prop_ibuf_I_O)         0.220     0.220 f  led_en_IBUF_inst/O
                         net (fo=2, routed)           0.716     0.937    led_en_IBUF
    SLICE_X43Y53         LUT6 (Prop_lut6_I0_O)        0.045     0.982 r  counter[0]_i_1/O
                         net (fo=32, routed)          0.140     1.122    counter[0]_i_1_n_0
    SLICE_X42Y52         FDRE                                         r  counter_reg[15]/R
  -------------------------------------------------------------------    -------------------

                         (clock sys_clk_pin rise edge)
                                                      0.000     0.000 r  
    K17                                               0.000     0.000 r  sys_clk (IN)
                         net (fo=0)                   0.000     0.000    sys_clk
    K17                  IBUF (Prop_ibuf_I_O)         0.447     0.447 r  sys_clk_IBUF_inst/O
                         net (fo=1, routed)           0.683     1.130    sys_clk_IBUF
    BUFGCTRL_X0Y16       BUFG (Prop_bufg_I_O)         0.029     1.159 r  sys_clk_IBUF_BUFG_inst/O
                         net (fo=33, routed)          0.859     2.018    sys_clk_IBUF_BUFG
    SLICE_X42Y52         FDRE                                         r  counter_reg[15]/C

Slack:                    inf
  Source:                 led_en
                            (input port)
  Destination:            led_out_i_reg/D
                            (rising edge-triggered cell FDRE clocked by sys_clk_pin  {rise@0.000ns fall@4.000ns period=8.000ns})
  Path Group:             (none)
  Path Type:              Hold (Min at Fast Process Corner)
  Data Path Delay:        1.153ns  (logic 0.310ns (26.921%)  route 0.843ns (73.079%))
  Logic Levels:           3  (IBUF=1 LUT2=1 LUT6=1)
  Clock Path Skew:        2.017ns (DCD - SCD - CPR)
    Destination Clock Delay (DCD):    2.017ns
    Source Clock Delay      (SCD):    0.000ns
    Clock Pessimism Removal (CPR):    -0.000ns

    Location             Delay type                Incr(ns)  Path(ns)    Netlist Resource(s)
  -------------------------------------------------------------------    -------------------
    G15                                               0.000     0.000 r  led_en (IN)
                         net (fo=0)                   0.000     0.000    led_en
    G15                  IBUF (Prop_ibuf_I_O)         0.220     0.220 r  led_en_IBUF_inst/O
                         net (fo=2, routed)           0.622     0.842    led_en_IBUF
    SLICE_X43Y53         LUT2 (Prop_lut2_I1_O)        0.045     0.887 f  led_out_i_i_2/O
                         net (fo=1, routed)           0.221     1.108    led_out_i_i_2_n_0
    SLICE_X43Y53         LUT6 (Prop_lut6_I5_O)        0.045     1.153 r  led_out_i_i_1/O
                         net (fo=1, routed)           0.000     1.153    led_out_i_i_1_n_0
    SLICE_X43Y53         FDRE                                         r  led_out_i_reg/D
  -------------------------------------------------------------------    -------------------

                         (clock sys_clk_pin rise edge)
                                                      0.000     0.000 r  
    K17                                               0.000     0.000 r  sys_clk (IN)
                         net (fo=0)                   0.000     0.000    sys_clk
    K17                  IBUF (Prop_ibuf_I_O)         0.447     0.447 r  sys_clk_IBUF_inst/O
                         net (fo=1, routed)           0.683     1.130    sys_clk_IBUF
    BUFGCTRL_X0Y16       BUFG (Prop_bufg_I_O)         0.029     1.159 r  sys_clk_IBUF_BUFG_inst/O
                         net (fo=33, routed)          0.858     2.017    sys_clk_IBUF_BUFG
    SLICE_X43Y53         FDRE                                         r  led_out_i_reg/C

Slack:                    inf
  Source:                 led_en
                            (input port)
  Destination:            counter_reg[20]/R
                            (rising edge-triggered cell FDRE clocked by sys_clk_pin  {rise@0.000ns fall@4.000ns period=8.000ns})
  Path Group:             (none)
  Path Type:              Hold (Min at Fast Process Corner)
  Data Path Delay:        1.192ns  (logic 0.265ns (22.280%)  route 0.926ns (77.720%))
  Logic Levels:           2  (IBUF=1 LUT6=1)
  Clock Path Skew:        2.017ns (DCD - SCD - CPR)
    Destination Clock Delay (DCD):    2.017ns
    Source Clock Delay      (SCD):    0.000ns
    Clock Pessimism Removal (CPR):    -0.000ns

    Location             Delay type                Incr(ns)  Path(ns)    Netlist Resource(s)
  -------------------------------------------------------------------    -------------------
    G15                                               0.000     0.000 f  led_en (IN)
                         net (fo=0)                   0.000     0.000    led_en
    G15                  IBUF (Prop_ibuf_I_O)         0.220     0.220 f  led_en_IBUF_inst/O
                         net (fo=2, routed)           0.716     0.937    led_en_IBUF
    SLICE_X43Y53         LUT6 (Prop_lut6_I0_O)        0.045     0.982 r  counter[0]_i_1/O
                         net (fo=32, routed)          0.210     1.192    counter[0]_i_1_n_0
    SLICE_X42Y54         FDRE                                         r  counter_reg[20]/R
  -------------------------------------------------------------------    -------------------

                         (clock sys_clk_pin rise edge)
                                                      0.000     0.000 r  
    K17                                               0.000     0.000 r  sys_clk (IN)
                         net (fo=0)                   0.000     0.000    sys_clk
    K17                  IBUF (Prop_ibuf_I_O)         0.447     0.447 r  sys_clk_IBUF_inst/O
                         net (fo=1, routed)           0.683     1.130    sys_clk_IBUF
    BUFGCTRL_X0Y16       BUFG (Prop_bufg_I_O)         0.029     1.159 r  sys_clk_IBUF_BUFG_inst/O
                         net (fo=33, routed)          0.858     2.017    sys_clk_IBUF_BUFG
    SLICE_X42Y54         FDRE                                         r  counter_reg[20]/C

Slack:                    inf
  Source:                 led_en
                            (input port)
  Destination:            counter_reg[21]/R
                            (rising edge-triggered cell FDRE clocked by sys_clk_pin  {rise@0.000ns fall@4.000ns period=8.000ns})
  Path Group:             (none)
  Path Type:              Hold (Min at Fast Process Corner)
  Data Path Delay:        1.192ns  (logic 0.265ns (22.280%)  route 0.926ns (77.720%))
  Logic Levels:           2  (IBUF=1 LUT6=1)
  Clock Path Skew:        2.017ns (DCD - SCD - CPR)
    Destination Clock Delay (DCD):    2.017ns
    Source Clock Delay      (SCD):    0.000ns
    Clock Pessimism Removal (CPR):    -0.000ns

    Location             Delay type                Incr(ns)  Path(ns)    Netlist Resource(s)
  -------------------------------------------------------------------    -------------------
    G15                                               0.000     0.000 f  led_en (IN)
                         net (fo=0)                   0.000     0.000    led_en
    G15                  IBUF (Prop_ibuf_I_O)         0.220     0.220 f  led_en_IBUF_inst/O
                         net (fo=2, routed)           0.716     0.937    led_en_IBUF
    SLICE_X43Y53         LUT6 (Prop_lut6_I0_O)        0.045     0.982 r  counter[0]_i_1/O
                         net (fo=32, routed)          0.210     1.192    counter[0]_i_1_n_0
    SLICE_X42Y54         FDRE                                         r  counter_reg[21]/R
  -------------------------------------------------------------------    -------------------

                         (clock sys_clk_pin rise edge)
                                                      0.000     0.000 r  
    K17                                               0.000     0.000 r  sys_clk (IN)
                         net (fo=0)                   0.000     0.000    sys_clk
    K17                  IBUF (Prop_ibuf_I_O)         0.447     0.447 r  sys_clk_IBUF_inst/O
                         net (fo=1, routed)           0.683     1.130    sys_clk_IBUF
    BUFGCTRL_X0Y16       BUFG (Prop_bufg_I_O)         0.029     1.159 r  sys_clk_IBUF_BUFG_inst/O
                         net (fo=33, routed)          0.858     2.017    sys_clk_IBUF_BUFG
    SLICE_X42Y54         FDRE                                         r  counter_reg[21]/C

Slack:                    inf
  Source:                 led_en
                            (input port)
  Destination:            counter_reg[22]/R
                            (rising edge-triggered cell FDRE clocked by sys_clk_pin  {rise@0.000ns fall@4.000ns period=8.000ns})
  Path Group:             (none)
  Path Type:              Hold (Min at Fast Process Corner)
  Data Path Delay:        1.192ns  (logic 0.265ns (22.280%)  route 0.926ns (77.720%))
  Logic Levels:           2  (IBUF=1 LUT6=1)
  Clock Path Skew:        2.017ns (DCD - SCD - CPR)
    Destination Clock Delay (DCD):    2.017ns
    Source Clock Delay      (SCD):    0.000ns
    Clock Pessimism Removal (CPR):    -0.000ns

    Location             Delay type                Incr(ns)  Path(ns)    Netlist Resource(s)
  -------------------------------------------------------------------    -------------------
    G15                                               0.000     0.000 f  led_en (IN)
                         net (fo=0)                   0.000     0.000    led_en
    G15                  IBUF (Prop_ibuf_I_O)         0.220     0.220 f  led_en_IBUF_inst/O
                         net (fo=2, routed)           0.716     0.937    led_en_IBUF
    SLICE_X43Y53         LUT6 (Prop_lut6_I0_O)        0.045     0.982 r  counter[0]_i_1/O
                         net (fo=32, routed)          0.210     1.192    counter[0]_i_1_n_0
    SLICE_X42Y54         FDRE                                         r  counter_reg[22]/R
  -------------------------------------------------------------------    -------------------

                         (clock sys_clk_pin rise edge)
                                                      0.000     0.000 r  
    K17                                               0.000     0.000 r  sys_clk (IN)
                         net (fo=0)                   0.000     0.000    sys_clk
    K17                  IBUF (Prop_ibuf_I_O)         0.447     0.447 r  sys_clk_IBUF_inst/O
                         net (fo=1, routed)           0.683     1.130    sys_clk_IBUF
    BUFGCTRL_X0Y16       BUFG (Prop_bufg_I_O)         0.029     1.159 r  sys_clk_IBUF_BUFG_inst/O
                         net (fo=33, routed)          0.858     2.017    sys_clk_IBUF_BUFG
    SLICE_X42Y54         FDRE                                         r  counter_reg[22]/C

Slack:                    inf
  Source:                 led_en
                            (input port)
  Destination:            counter_reg[23]/R
                            (rising edge-triggered cell FDRE clocked by sys_clk_pin  {rise@0.000ns fall@4.000ns period=8.000ns})
  Path Group:             (none)
  Path Type:              Hold (Min at Fast Process Corner)
  Data Path Delay:        1.192ns  (logic 0.265ns (22.280%)  route 0.926ns (77.720%))
  Logic Levels:           2  (IBUF=1 LUT6=1)
  Clock Path Skew:        2.017ns (DCD - SCD - CPR)
    Destination Clock Delay (DCD):    2.017ns
    Source Clock Delay      (SCD):    0.000ns
    Clock Pessimism Removal (CPR):    -0.000ns

    Location             Delay type                Incr(ns)  Path(ns)    Netlist Resource(s)
  -------------------------------------------------------------------    -------------------
    G15                                               0.000     0.000 f  led_en (IN)
                         net (fo=0)                   0.000     0.000    led_en
    G15                  IBUF (Prop_ibuf_I_O)         0.220     0.220 f  led_en_IBUF_inst/O
                         net (fo=2, routed)           0.716     0.937    led_en_IBUF
    SLICE_X43Y53         LUT6 (Prop_lut6_I0_O)        0.045     0.982 r  counter[0]_i_1/O
                         net (fo=32, routed)          0.210     1.192    counter[0]_i_1_n_0
    SLICE_X42Y54         FDRE                                         r  counter_reg[23]/R
  -------------------------------------------------------------------    -------------------

                         (clock sys_clk_pin rise edge)
                                                      0.000     0.000 r  
    K17                                               0.000     0.000 r  sys_clk (IN)
                         net (fo=0)                   0.000     0.000    sys_clk
    K17                  IBUF (Prop_ibuf_I_O)         0.447     0.447 r  sys_clk_IBUF_inst/O
                         net (fo=1, routed)           0.683     1.130    sys_clk_IBUF
    BUFGCTRL_X0Y16       BUFG (Prop_bufg_I_O)         0.029     1.159 r  sys_clk_IBUF_BUFG_inst/O
                         net (fo=33, routed)          0.858     2.017    sys_clk_IBUF_BUFG
    SLICE_X42Y54         FDRE                                         r  counter_reg[23]/C

Slack:                    inf
  Source:                 led_en
                            (input port)
  Destination:            counter_reg[10]/R
                            (rising edge-triggered cell FDRE clocked by sys_clk_pin  {rise@0.000ns fall@4.000ns period=8.000ns})
  Path Group:             (none)
  Path Type:              Hold (Min at Fast Process Corner)
  Data Path Delay:        1.195ns  (logic 0.265ns (22.208%)  route 0.930ns (77.792%))
  Logic Levels:           2  (IBUF=1 LUT6=1)
  Clock Path Skew:        2.018ns (DCD - SCD - CPR)
    Destination Clock Delay (DCD):    2.018ns
    Source Clock Delay      (SCD):    0.000ns
    Clock Pessimism Removal (CPR):    -0.000ns

    Location             Delay type                Incr(ns)  Path(ns)    Netlist Resource(s)
  -------------------------------------------------------------------    -------------------
    G15                                               0.000     0.000 f  led_en (IN)
                         net (fo=0)                   0.000     0.000    led_en
    G15                  IBUF (Prop_ibuf_I_O)         0.220     0.220 f  led_en_IBUF_inst/O
                         net (fo=2, routed)           0.716     0.937    led_en_IBUF
    SLICE_X43Y53         LUT6 (Prop_lut6_I0_O)        0.045     0.982 r  counter[0]_i_1/O
                         net (fo=32, routed)          0.214     1.195    counter[0]_i_1_n_0
    SLICE_X42Y51         FDRE                                         r  counter_reg[10]/R
  -------------------------------------------------------------------    -------------------

                         (clock sys_clk_pin rise edge)
                                                      0.000     0.000 r  
    K17                                               0.000     0.000 r  sys_clk (IN)
                         net (fo=0)                   0.000     0.000    sys_clk
    K17                  IBUF (Prop_ibuf_I_O)         0.447     0.447 r  sys_clk_IBUF_inst/O
                         net (fo=1, routed)           0.683     1.130    sys_clk_IBUF
    BUFGCTRL_X0Y16       BUFG (Prop_bufg_I_O)         0.029     1.159 r  sys_clk_IBUF_BUFG_inst/O
                         net (fo=33, routed)          0.859     2.018    sys_clk_IBUF_BUFG
    SLICE_X42Y51         FDRE                                         r  counter_reg[10]/C





