Copyright 1986-2022 Xilinx, Inc. All Rights Reserved. Copyright 2022-2023 Advanced Micro Devices, Inc. All Rights Reserved.
------------------------------------------------------------------------------------------------------------------------------------------------------------------------------------------------------------------------------
| Tool Version : Vivado v.2023.1 (win64) Build 3865809 Sun May  7 15:05:29 MDT 2023
| Date         : Mon Sep 14 19:03:54 2026
| Host         : Charbel running 64-bit major release  (build 9200)
| Command      : report_timing_summary -max_paths 10 -report_unconstrained -file rgb_led_top_timing_summary_routed.rpt -pb rgb_led_top_timing_summary_routed.pb -rpx rgb_led_top_timing_summary_routed.rpx -warn_on_violation
| Design       : rgb_led_top
| Device       : 7z010-clg400
| Speed File   : -1  PRODUCTION 1.12 2019-11-22
| Design State : Routed
------------------------------------------------------------------------------------------------------------------------------------------------------------------------------------------------------------------------------

Timing Summary Report

------------------------------------------------------------------------------------------------
| Timer Settings
| --------------
------------------------------------------------------------------------------------------------

  Enable Multi Corner Analysis               :  Yes
  Enable Pessimism Removal                   :  Yes
  Pessimism Removal Resolution               :  Nearest Common Node
  Enable Input Delay Default Clock           :  No
  Enable Preset / Clear Arcs                 :  No
  Disable Flight Delays                      :  No
  Ignore I/O Paths                           :  No
  Timing Early Launch at Borrowing Latches   :  No
  Borrow Time for Max Delay Exceptions       :  Yes
  Merge Timing Exceptions                    :  Yes

  Corner  Analyze    Analyze    
  Name    Max Paths  Min Paths  
  ------  ---------  ---------  
  Slow    Yes        Yes        
  Fast    Yes        Yes        


------------------------------------------------------------------------------------------------
| Report Methodology
| ------------------
------------------------------------------------------------------------------------------------

Rule       Severity  Description                    Violations  
---------  --------  -----------------------------  ----------  
TIMING-18  Warning   Missing input or output delay  7           

Note: This report is based on the most recent report_methodology run and may not be up-to-date. Run report_methodology on the current design for the latest report.



check_timing report

Table of Contents
-----------------
1. checking no_clock (0)
2. checking constant_clock (0)
3. checking pulse_width_clock (0)
4. checking unconstrained_internal_endpoints (0)
5. checking no_input_delay (4)
6. checking no_output_delay (3)
7. checking multiple_clock (0)
8. checking generated_clocks (0)
9. checking loops (0)
10. checking partial_input_delay (0)
11. checking partial_output_delay (0)
12. checking latch_loops (0)

1. checking no_clock (0)
------------------------
 There are 0 register/latch pins with no clock.


2. checking constant_clock (0)
------------------------------
 There are 0 register/latch pins with constant_clock.


3. checking pulse_width_clock (0)
---------------------------------
 There are 0 register/latch pins which need pulse_width check


4. checking unconstrained_internal_endpoints (0)
------------------------------------------------
 There are 0 pins that are not constrained for maximum delay.

 There are 0 pins that are not constrained for maximum delay due to constant clock.


5. checking no_input_delay (4)
------------------------------
 There are 4 input ports with no input delay specified. (HIGH)

 There are 0 input ports with no input delay but user has a false path constraint.


6. checking no_output_delay (3)
-------------------------------
 There are 3 ports with no output delay specified. (HIGH)

 There are 0 ports with no output delay but user has a false path constraint

 There are 0 ports with no output delay but with a timing clock defined on it or propagating through it


7. checking multiple_clock (0)
------------------------------
 There are 0 register/latch pins with multiple clocks.


8. checking generated_clocks (0)
--------------------------------
 There are 0 generated clocks that are not connected to a clock source.


9. checking loops (0)
---------------------
 There are 0 combinational loops in the design.


10. checking partial_input_delay (0)
------------------------------------
 There are 0 input ports with partial input delay specified.


11. checking partial_output_delay (0)
-------------------------------------
 There are 0 ports with partial output delay specified.


12. checking latch_loops (0)
----------------------------
 There are 0 combinational latch loops in the design through latch input



------------------------------------------------------------------------------------------------
| Design Timing Summary
| ---------------------
------------------------------------------------------------------------------------------------

    WNS(ns)      TNS(ns)  TNS Failing Endpoints  TNS Total Endpoints      WHS(ns)      THS(ns)  THS Failing Endpoints  THS Total Endpoints     WPWS(ns)     TPWS(ns)  TPWS Failing Endpoints  TPWS Total Endpoints  
    -------      -------  ---------------------  -------------------      -------      -------  ---------------------  -------------------     --------     --------  ----------------------  --------------------  
      3.611        0.000                      0                   65        0.261        0.000                      0                   65        3.500        0.000                       0                    34  


All user specified timing constraints are met.


------------------------------------------------------------------------------------------------
| Clock Summary
| -------------
------------------------------------------------------------------------------------------------

Clock        Waveform(ns)         Period(ns)      Frequency(MHz)
-----        ------------         ----------      --------------
sys_clk_pin  {0.000 4.000}        8.000           125.000         


------------------------------------------------------------------------------------------------
| Intra Clock Table
| -----------------
------------------------------------------------------------------------------------------------

Clock             WNS(ns)      TNS(ns)  TNS Failing Endpoints  TNS Total Endpoints      WHS(ns)      THS(ns)  THS Failing Endpoints  THS Total Endpoints     WPWS(ns)     TPWS(ns)  TPWS Failing Endpoints  TPWS Total Endpoints  
-----             -------      -------  ---------------------  -------------------      -------      -------  ---------------------  -------------------     --------     --------  ----------------------  --------------------  
sys_clk_pin         3.611        0.000                      0                   65        0.261        0.000                      0                   65        3.500        0.000                       0                    34  


------------------------------------------------------------------------------------------------
| Inter Clock Table
| -----------------
------------------------------------------------------------------------------------------------

From Clock    To Clock          WNS(ns)      TNS(ns)  TNS Failing Endpoints  TNS Total Endpoints      WHS(ns)      THS(ns)  THS Failing Endpoints  THS Total Endpoints  
----------    --------          -------      -------  ---------------------  -------------------      -------      -------  ---------------------  -------------------  


------------------------------------------------------------------------------------------------
| Other Path Groups Table
| -----------------------
------------------------------------------------------------------------------------------------

Path Group    From Clock    To Clock          WNS(ns)      TNS(ns)  TNS Failing Endpoints  TNS Total Endpoints      WHS(ns)      THS(ns)  THS Failing Endpoints  THS Total Endpoints  
----------    ----------    --------          -------      -------  ---------------------  -------------------      -------      -------  ---------------------  -------------------  


------------------------------------------------------------------------------------------------
| User Ignored Path Table
| -----------------------
------------------------------------------------------------------------------------------------

Path Group    From Clock    To Clock    
----------    ----------    --------    


------------------------------------------------------------------------------------------------
| Unconstrained Path Table
| ------------------------
------------------------------------------------------------------------------------------------

Path Group    From Clock    To Clock    
----------    ----------    --------    
(none)                                    
(none)        sys_clk_pin                 
(none)                      sys_clk_pin   


------------------------------------------------------------------------------------------------
| Timing Details
| --------------
------------------------------------------------------------------------------------------------


---------------------------------------------------------------------------------------------------
From Clock:  sys_clk_pin
  To Clock:  sys_clk_pin

Setup :            0  Failing Endpoints,  Worst Slack        3.611ns,  Total Violation        0.000ns
Hold  :            0  Failing Endpoints,  Worst Slack        0.261ns,  Total Violation        0.000ns
PW    :            0  Failing Endpoints,  Worst Slack        3.500ns,  Total Violation        0.000ns
---------------------------------------------------------------------------------------------------


Max Delay Paths
--------------------------------------------------------------------------------------
Slack (MET) :             3.611ns  (required time - arrival time)
  Source:                 U_BLINK/counter_reg[9]/C
                            (rising edge-triggered cell FDRE clocked by sys_clk_pin  {rise@0.000ns fall@4.000ns period=8.000ns})
  Destination:            U_BLINK/counter_reg[28]/R
                            (rising edge-triggered cell FDRE clocked by sys_clk_pin  {rise@0.000ns fall@4.000ns period=8.000ns})
  Path Group:             sys_clk_pin
  Path Type:              Setup (Max at Slow Process Corner)
  Requirement:            8.000ns  (sys_clk_pin rise@8.000ns - sys_clk_pin rise@0.000ns)
  Data Path Delay:        3.899ns  (logic 0.828ns (21.238%)  route 3.071ns (78.762%))
  Logic Levels:           3  (LUT4=1 LUT5=2)
  Clock Path Skew:        -0.026ns (DCD - SCD + CPR)
    Destination Clock Delay (DCD):    4.954ns = ( 12.954 - 8.000 ) 
    Source Clock Delay      (SCD):    5.409ns
    Clock Pessimism Removal (CPR):    0.429ns
  Clock Uncertainty:      0.035ns  ((TSJ^2 + TIJ^2)^1/2 + DJ) / 2 + PE
    Total System Jitter     (TSJ):    0.071ns
    Total Input Jitter      (TIJ):    0.000ns
    Discrete Jitter          (DJ):    0.000ns
    Phase Error              (PE):    0.000ns

    Location             Delay type                Incr(ns)  Path(ns)    Netlist Resource(s)
  -------------------------------------------------------------------    -------------------
                         (clock sys_clk_pin rise edge)
                                                      0.000     0.000 r  
    K17                                               0.000     0.000 r  sys_clk (IN)
                         net (fo=0)                   0.000     0.000    sys_clk
    K17                  IBUF (Prop_ibuf_I_O)         1.492     1.492 r  sys_clk_IBUF_inst/O
                         net (fo=1, routed)           2.076     3.568    sys_clk_IBUF
    BUFGCTRL_X0Y16       BUFG (Prop_bufg_I_O)         0.101     3.669 r  sys_clk_IBUF_BUFG_inst/O
                         net (fo=33, routed)          1.740     5.409    U_BLINK/sys_clk
    SLICE_X43Y53         FDRE                                         r  U_BLINK/counter_reg[9]/C
  -------------------------------------------------------------------    -------------------
    SLICE_X43Y53         FDRE (Prop_fdre_C_Q)         0.456     5.865 f  U_BLINK/counter_reg[9]/Q
                         net (fo=2, routed)           0.881     6.745    U_BLINK/counter_reg[9]
    SLICE_X42Y52         LUT4 (Prop_lut4_I1_O)        0.124     6.869 f  U_BLINK/counter[0]_i_11/O
                         net (fo=1, routed)           0.518     7.387    U_BLINK/counter[0]_i_11_n_0
    SLICE_X42Y54         LUT5 (Prop_lut5_I4_O)        0.124     7.511 r  U_BLINK/counter[0]_i_6/O
                         net (fo=2, routed)           0.670     8.181    U_BLINK/counter[0]_i_6_n_0
    SLICE_X42Y53         LUT5 (Prop_lut5_I3_O)        0.124     8.305 r  U_BLINK/counter[0]_i_1/O
                         net (fo=32, routed)          1.003     9.307    U_BLINK/counter[0]_i_1_n_0
    SLICE_X43Y58         FDRE                                         r  U_BLINK/counter_reg[28]/R
  -------------------------------------------------------------------    -------------------

                         (clock sys_clk_pin rise edge)
                                                      8.000     8.000 r  
    K17                                               0.000     8.000 r  sys_clk (IN)
                         net (fo=0)                   0.000     8.000    sys_clk
    K17                  IBUF (Prop_ibuf_I_O)         1.421     9.421 r  sys_clk_IBUF_inst/O
                         net (fo=1, routed)           1.880    11.301    sys_clk_IBUF
    BUFGCTRL_X0Y16       BUFG (Prop_bufg_I_O)         0.091    11.392 r  sys_clk_IBUF_BUFG_inst/O
                         net (fo=33, routed)          1.562    12.954    U_BLINK/sys_clk
    SLICE_X43Y58         FDRE                                         r  U_BLINK/counter_reg[28]/C
                         clock pessimism              0.429    13.383    
                         clock uncertainty           -0.035    13.347    
    SLICE_X43Y58         FDRE (Setup_fdre_C_R)       -0.429    12.918    U_BLINK/counter_reg[28]
  -------------------------------------------------------------------
                         required time                         12.918    
                         arrival time                          -9.307    
  -------------------------------------------------------------------
                         slack                                  3.611    

Slack (MET) :             3.611ns  (required time - arrival time)
  Source:                 U_BLINK/counter_reg[9]/C
                            (rising edge-triggered cell FDRE clocked by sys_clk_pin  {rise@0.000ns fall@4.000ns period=8.000ns})
  Destination:            U_BLINK/counter_reg[29]/R
                            (rising edge-triggered cell FDRE clocked by sys_clk_pin  {rise@0.000ns fall@4.000ns period=8.000ns})
  Path Group:             sys_clk_pin
  Path Type:              Setup (Max at Slow Process Corner)
  Requirement:            8.000ns  (sys_clk_pin rise@8.000ns - sys_clk_pin rise@0.000ns)
  Data Path Delay:        3.899ns  (logic 0.828ns (21.238%)  route 3.071ns (78.762%))
  Logic Levels:           3  (LUT4=1 LUT5=2)
  Clock Path Skew:        -0.026ns (DCD - SCD + CPR)
    Destination Clock Delay (DCD):    4.954ns = ( 12.954 - 8.000 ) 
    Source Clock Delay      (SCD):    5.409ns
    Clock Pessimism Removal (CPR):    0.429ns
  Clock Uncertainty:      0.035ns  ((TSJ^2 + TIJ^2)^1/2 + DJ) / 2 + PE
    Total System Jitter     (TSJ):    0.071ns
    Total Input Jitter      (TIJ):    0.000ns
    Discrete Jitter          (DJ):    0.000ns
    Phase Error              (PE):    0.000ns

    Location             Delay type                Incr(ns)  Path(ns)    Netlist Resource(s)
  -------------------------------------------------------------------    -------------------
                         (clock sys_clk_pin rise edge)
                                                      0.000     0.000 r  
    K17                                               0.000     0.000 r  sys_clk (IN)
                         net (fo=0)                   0.000     0.000    sys_clk
    K17                  IBUF (Prop_ibuf_I_O)         1.492     1.492 r  sys_clk_IBUF_inst/O
                         net (fo=1, routed)           2.076     3.568    sys_clk_IBUF
    BUFGCTRL_X0Y16       BUFG (Prop_bufg_I_O)         0.101     3.669 r  sys_clk_IBUF_BUFG_inst/O
                         net (fo=33, routed)          1.740     5.409    U_BLINK/sys_clk
    SLICE_X43Y53         FDRE                                         r  U_BLINK/counter_reg[9]/C
  -------------------------------------------------------------------    -------------------
    SLICE_X43Y53         FDRE (Prop_fdre_C_Q)         0.456     5.865 f  U_BLINK/counter_reg[9]/Q
                         net (fo=2, routed)           0.881     6.745    U_BLINK/counter_reg[9]
    SLICE_X42Y52         LUT4 (Prop_lut4_I1_O)        0.124     6.869 f  U_BLINK/counter[0]_i_11/O
                         net (fo=1, routed)           0.518     7.387    U_BLINK/counter[0]_i_11_n_0
    SLICE_X42Y54         LUT5 (Prop_lut5_I4_O)        0.124     7.511 r  U_BLINK/counter[0]_i_6/O
                         net (fo=2, routed)           0.670     8.181    U_BLINK/counter[0]_i_6_n_0
    SLICE_X42Y53         LUT5 (Prop_lut5_I3_O)        0.124     8.305 r  U_BLINK/counter[0]_i_1/O
                         net (fo=32, routed)          1.003     9.307    U_BLINK/counter[0]_i_1_n_0
    SLICE_X43Y58         FDRE                                         r  U_BLINK/counter_reg[29]/R
  -------------------------------------------------------------------    -------------------

                         (clock sys_clk_pin rise edge)
                                                      8.000     8.000 r  
    K17                                               0.000     8.000 r  sys_clk (IN)
                         net (fo=0)                   0.000     8.000    sys_clk
    K17                  IBUF (Prop_ibuf_I_O)         1.421     9.421 r  sys_clk_IBUF_inst/O
                         net (fo=1, routed)           1.880    11.301    sys_clk_IBUF
    BUFGCTRL_X0Y16       BUFG (Prop_bufg_I_O)         0.091    11.392 r  sys_clk_IBUF_BUFG_inst/O
                         net (fo=33, routed)          1.562    12.954    U_BLINK/sys_clk
    SLICE_X43Y58         FDRE                                         r  U_BLINK/counter_reg[29]/C
                         clock pessimism              0.429    13.383    
                         clock uncertainty           -0.035    13.347    
    SLICE_X43Y58         FDRE (Setup_fdre_C_R)       -0.429    12.918    U_BLINK/counter_reg[29]
  -------------------------------------------------------------------
                         required time                         12.918    
                         arrival time                          -9.307    
  -------------------------------------------------------------------
                         slack                                  3.611    

Slack (MET) :             3.611ns  (required time - arrival time)
  Source:                 U_BLINK/counter_reg[9]/C
                            (rising edge-triggered cell FDRE clocked by sys_clk_pin  {rise@0.000ns fall@4.000ns period=8.000ns})
  Destination:            U_BLINK/counter_reg[30]/R
                            (rising edge-triggered cell FDRE clocked by sys_clk_pin  {rise@0.000ns fall@4.000ns period=8.000ns})
  Path Group:             sys_clk_pin
  Path Type:              Setup (Max at Slow Process Corner)
  Requirement:            8.000ns  (sys_clk_pin rise@8.000ns - sys_clk_pin rise@0.000ns)
  Data Path Delay:        3.899ns  (logic 0.828ns (21.238%)  route 3.071ns (78.762%))
  Logic Levels:           3  (LUT4=1 LUT5=2)
  Clock Path Skew:        -0.026ns (DCD - SCD + CPR)
    Destination Clock Delay (DCD):    4.954ns = ( 12.954 - 8.000 ) 
    Source Clock Delay      (SCD):    5.409ns
    Clock Pessimism Removal (CPR):    0.429ns
  Clock Uncertainty:      0.035ns  ((TSJ^2 + TIJ^2)^1/2 + DJ) / 2 + PE
    Total System Jitter     (TSJ):    0.071ns
    Total Input Jitter      (TIJ):    0.000ns
    Discrete Jitter          (DJ):    0.000ns
    Phase Error              (PE):    0.000ns

    Location             Delay type                Incr(ns)  Path(ns)    Netlist Resource(s)
  -------------------------------------------------------------------    -------------------
                         (clock sys_clk_pin rise edge)
                                                      0.000     0.000 r  
    K17                                               0.000     0.000 r  sys_clk (IN)
                         net (fo=0)                   0.000     0.000    sys_clk
    K17                  IBUF (Prop_ibuf_I_O)         1.492     1.492 r  sys_clk_IBUF_inst/O
                         net (fo=1, routed)           2.076     3.568    sys_clk_IBUF
    BUFGCTRL_X0Y16       BUFG (Prop_bufg_I_O)         0.101     3.669 r  sys_clk_IBUF_BUFG_inst/O
                         net (fo=33, routed)          1.740     5.409    U_BLINK/sys_clk
    SLICE_X43Y53         FDRE                                         r  U_BLINK/counter_reg[9]/C
  -------------------------------------------------------------------    -------------------
    SLICE_X43Y53         FDRE (Prop_fdre_C_Q)         0.456     5.865 f  U_BLINK/counter_reg[9]/Q
                         net (fo=2, routed)           0.881     6.745    U_BLINK/counter_reg[9]
    SLICE_X42Y52         LUT4 (Prop_lut4_I1_O)        0.124     6.869 f  U_BLINK/counter[0]_i_11/O
                         net (fo=1, routed)           0.518     7.387    U_BLINK/counter[0]_i_11_n_0
    SLICE_X42Y54         LUT5 (Prop_lut5_I4_O)        0.124     7.511 r  U_BLINK/counter[0]_i_6/O
                         net (fo=2, routed)           0.670     8.181    U_BLINK/counter[0]_i_6_n_0
    SLICE_X42Y53         LUT5 (Prop_lut5_I3_O)        0.124     8.305 r  U_BLINK/counter[0]_i_1/O
                         net (fo=32, routed)          1.003     9.307    U_BLINK/counter[0]_i_1_n_0
    SLICE_X43Y58         FDRE                                         r  U_BLINK/counter_reg[30]/R
  -------------------------------------------------------------------    -------------------

                         (clock sys_clk_pin rise edge)
                                                      8.000     8.000 r  
    K17                                               0.000     8.000 r  sys_clk (IN)
                         net (fo=0)                   0.000     8.000    sys_clk
    K17                  IBUF (Prop_ibuf_I_O)         1.421     9.421 r  sys_clk_IBUF_inst/O
                         net (fo=1, routed)           1.880    11.301    sys_clk_IBUF
    BUFGCTRL_X0Y16       BUFG (Prop_bufg_I_O)         0.091    11.392 r  sys_clk_IBUF_BUFG_inst/O
                         net (fo=33, routed)          1.562    12.954    U_BLINK/sys_clk
    SLICE_X43Y58         FDRE                                         r  U_BLINK/counter_reg[30]/C
                         clock pessimism              0.429    13.383    
                         clock uncertainty           -0.035    13.347    
    SLICE_X43Y58         FDRE (Setup_fdre_C_R)       -0.429    12.918    U_BLINK/counter_reg[30]
  -------------------------------------------------------------------
                         required time                         12.918    
                         arrival time                          -9.307    
  -------------------------------------------------------------------
                         slack                                  3.611    

Slack (MET) :             3.611ns  (required time - arrival time)
  Source:                 U_BLINK/counter_reg[9]/C
                            (rising edge-triggered cell FDRE clocked by sys_clk_pin  {rise@0.000ns fall@4.000ns period=8.000ns})
  Destination:            U_BLINK/counter_reg[31]/R
                            (rising edge-triggered cell FDRE clocked by sys_clk_pin  {rise@0.000ns fall@4.000ns period=8.000ns})
  Path Group:             sys_clk_pin
  Path Type:              Setup (Max at Slow Process Corner)
  Requirement:            8.000ns  (sys_clk_pin rise@8.000ns - sys_clk_pin rise@0.000ns)
  Data Path Delay:        3.899ns  (logic 0.828ns (21.238%)  route 3.071ns (78.762%))
  Logic Levels:           3  (LUT4=1 LUT5=2)
  Clock Path Skew:        -0.026ns (DCD - SCD + CPR)
    Destination Clock Delay (DCD):    4.954ns = ( 12.954 - 8.000 ) 
    Source Clock Delay      (SCD):    5.409ns
    Clock Pessimism Removal (CPR):    0.429ns
  Clock Uncertainty:      0.035ns  ((TSJ^2 + TIJ^2)^1/2 + DJ) / 2 + PE
    Total System Jitter     (TSJ):    0.071ns
    Total Input Jitter      (TIJ):    0.000ns
    Discrete Jitter          (DJ):    0.000ns
    Phase Error              (PE):    0.000ns

    Location             Delay type                Incr(ns)  Path(ns)    Netlist Resource(s)
  -------------------------------------------------------------------    -------------------
                         (clock sys_clk_pin rise edge)
                                                      0.000     0.000 r  
    K17                                               0.000     0.000 r  sys_clk (IN)
                         net (fo=0)                   0.000     0.000    sys_clk
    K17                  IBUF (Prop_ibuf_I_O)         1.492     1.492 r  sys_clk_IBUF_inst/O
                         net (fo=1, routed)           2.076     3.568    sys_clk_IBUF
    BUFGCTRL_X0Y16       BUFG (Prop_bufg_I_O)         0.101     3.669 r  sys_clk_IBUF_BUFG_inst/O
                         net (fo=33, routed)          1.740     5.409    U_BLINK/sys_clk
    SLICE_X43Y53         FDRE                                         r  U_BLINK/counter_reg[9]/C
  -------------------------------------------------------------------    -------------------
    SLICE_X43Y53         FDRE (Prop_fdre_C_Q)         0.456     5.865 f  U_BLINK/counter_reg[9]/Q
                         net (fo=2, routed)           0.881     6.745    U_BLINK/counter_reg[9]
    SLICE_X42Y52         LUT4 (Prop_lut4_I1_O)        0.124     6.869 f  U_BLINK/counter[0]_i_11/O
                         net (fo=1, routed)           0.518     7.387    U_BLINK/counter[0]_i_11_n_0
    SLICE_X42Y54         LUT5 (Prop_lut5_I4_O)        0.124     7.511 r  U_BLINK/counter[0]_i_6/O
                         net (fo=2, routed)           0.670     8.181    U_BLINK/counter[0]_i_6_n_0
    SLICE_X42Y53         LUT5 (Prop_lut5_I3_O)        0.124     8.305 r  U_BLINK/counter[0]_i_1/O
                         net (fo=32, routed)          1.003     9.307    U_BLINK/counter[0]_i_1_n_0
    SLICE_X43Y58         FDRE                                         r  U_BLINK/counter_reg[31]/R
  -------------------------------------------------------------------    -------------------

                         (clock sys_clk_pin rise edge)
                                                      8.000     8.000 r  
    K17                                               0.000     8.000 r  sys_clk (IN)
                         net (fo=0)                   0.000     8.000    sys_clk
    K17                  IBUF (Prop_ibuf_I_O)         1.421     9.421 r  sys_clk_IBUF_inst/O
                         net (fo=1, routed)           1.880    11.301    sys_clk_IBUF
    BUFGCTRL_X0Y16       BUFG (Prop_bufg_I_O)         0.091    11.392 r  sys_clk_IBUF_BUFG_inst/O
                         net (fo=33, routed)          1.562    12.954    U_BLINK/sys_clk
    SLICE_X43Y58         FDRE                                         r  U_BLINK/counter_reg[31]/C
                         clock pessimism              0.429    13.383    
                         clock uncertainty           -0.035    13.347    
    SLICE_X43Y58         FDRE (Setup_fdre_C_R)       -0.429    12.918    U_BLINK/counter_reg[31]
  -------------------------------------------------------------------
                         required time                         12.918    
                         arrival time                          -9.307    
  -------------------------------------------------------------------
                         slack                                  3.611    

Slack (MET) :             3.754ns  (required time - arrival time)
  Source:                 U_BLINK/counter_reg[9]/C
                            (rising edge-triggered cell FDRE clocked by sys_clk_pin  {rise@0.000ns fall@4.000ns period=8.000ns})
  Destination:            U_BLINK/counter_reg[20]/R
                            (rising edge-triggered cell FDRE clocked by sys_clk_pin  {rise@0.000ns fall@4.000ns period=8.000ns})
  Path Group:             sys_clk_pin
  Path Type:              Setup (Max at Slow Process Corner)
  Requirement:            8.000ns  (sys_clk_pin rise@8.000ns - sys_clk_pin rise@0.000ns)
  Data Path Delay:        3.757ns  (logic 0.828ns (22.041%)  route 2.929ns (77.959%))
  Logic Levels:           3  (LUT4=1 LUT5=2)
  Clock Path Skew:        -0.025ns (DCD - SCD + CPR)
    Destination Clock Delay (DCD):    4.955ns = ( 12.955 - 8.000 ) 
    Source Clock Delay      (SCD):    5.409ns
    Clock Pessimism Removal (CPR):    0.429ns
  Clock Uncertainty:      0.035ns  ((TSJ^2 + TIJ^2)^1/2 + DJ) / 2 + PE
    Total System Jitter     (TSJ):    0.071ns
    Total Input Jitter      (TIJ):    0.000ns
    Discrete Jitter          (DJ):    0.000ns
    Phase Error              (PE):    0.000ns

    Location             Delay type                Incr(ns)  Path(ns)    Netlist Resource(s)
  -------------------------------------------------------------------    -------------------
                         (clock sys_clk_pin rise edge)
                                                      0.000     0.000 r  
    K17                                               0.000     0.000 r  sys_clk (IN)
                         net (fo=0)                   0.000     0.000    sys_clk
    K17                  IBUF (Prop_ibuf_I_O)         1.492     1.492 r  sys_clk_IBUF_inst/O
                         net (fo=1, routed)           2.076     3.568    sys_clk_IBUF
    BUFGCTRL_X0Y16       BUFG (Prop_bufg_I_O)         0.101     3.669 r  sys_clk_IBUF_BUFG_inst/O
                         net (fo=33, routed)          1.740     5.409    U_BLINK/sys_clk
    SLICE_X43Y53         FDRE                                         r  U_BLINK/counter_reg[9]/C
  -------------------------------------------------------------------    -------------------
    SLICE_X43Y53         FDRE (Prop_fdre_C_Q)         0.456     5.865 f  U_BLINK/counter_reg[9]/Q
                         net (fo=2, routed)           0.881     6.745    U_BLINK/counter_reg[9]
    SLICE_X42Y52         LUT4 (Prop_lut4_I1_O)        0.124     6.869 f  U_BLINK/counter[0]_i_11/O
                         net (fo=1, routed)           0.518     7.387    U_BLINK/counter[0]_i_11_n_0
    SLICE_X42Y54         LUT5 (Prop_lut5_I4_O)        0.124     7.511 r  U_BLINK/counter[0]_i_6/O
                         net (fo=2, routed)           0.670     8.181    U_BLINK/counter[0]_i_6_n_0
    SLICE_X42Y53         LUT5 (Prop_lut5_I3_O)        0.124     8.305 r  U_BLINK/counter[0]_i_1/O
                         net (fo=32, routed)          0.861     9.165    U_BLINK/counter[0]_i_1_n_0
    SLICE_X43Y56         FDRE                                         r  U_BLINK/counter_reg[20]/R
  -------------------------------------------------------------------    -------------------

                         (clock sys_clk_pin rise edge)
                                                      8.000     8.000 r  
    K17                                               0.000     8.000 r  sys_clk (IN)
                         net (fo=0)                   0.000     8.000    sys_clk
    K17                  IBUF (Prop_ibuf_I_O)         1.421     9.421 r  sys_clk_IBUF_inst/O
                         net (fo=1, routed)           1.880    11.301    sys_clk_IBUF
    BUFGCTRL_X0Y16       BUFG (Prop_bufg_I_O)         0.091    11.392 r  sys_clk_IBUF_BUFG_inst/O
                         net (fo=33, routed)          1.563    12.955    U_BLINK/sys_clk
    SLICE_X43Y56         FDRE                                         r  U_BLINK/counter_reg[20]/C
                         clock pessimism              0.429    13.384    
                         clock uncertainty           -0.035    13.348    
    SLICE_X43Y56         FDRE (Setup_fdre_C_R)       -0.429    12.919    U_BLINK/counter_reg[20]
  -------------------------------------------------------------------
                         required time                         12.919    
                         arrival time                          -9.165    
  -------------------------------------------------------------------
                         slack                                  3.754    

Slack (MET) :             3.754ns  (required time - arrival time)
  Source:                 U_BLINK/counter_reg[9]/C
                            (rising edge-triggered cell FDRE clocked by sys_clk_pin  {rise@0.000ns fall@4.000ns period=8.000ns})
  Destination:            U_BLINK/counter_reg[21]/R
                            (rising edge-triggered cell FDRE clocked by sys_clk_pin  {rise@0.000ns fall@4.000ns period=8.000ns})
  Path Group:             sys_clk_pin
  Path Type:              Setup (Max at Slow Process Corner)
  Requirement:            8.000ns  (sys_clk_pin rise@8.000ns - sys_clk_pin rise@0.000ns)
  Data Path Delay:        3.757ns  (logic 0.828ns (22.041%)  route 2.929ns (77.959%))
  Logic Levels:           3  (LUT4=1 LUT5=2)
  Clock Path Skew:        -0.025ns (DCD - SCD + CPR)
    Destination Clock Delay (DCD):    4.955ns = ( 12.955 - 8.000 ) 
    Source Clock Delay      (SCD):    5.409ns
    Clock Pessimism Removal (CPR):    0.429ns
  Clock Uncertainty:      0.035ns  ((TSJ^2 + TIJ^2)^1/2 + DJ) / 2 + PE
    Total System Jitter     (TSJ):    0.071ns
    Total Input Jitter      (TIJ):    0.000ns
    Discrete Jitter          (DJ):    0.000ns
    Phase Error              (PE):    0.000ns

    Location             Delay type                Incr(ns)  Path(ns)    Netlist Resource(s)
  -------------------------------------------------------------------    -------------------
                         (clock sys_clk_pin rise edge)
                                                      0.000     0.000 r  
    K17                                               0.000     0.000 r  sys_clk (IN)
                         net (fo=0)                   0.000     0.000    sys_clk
    K17                  IBUF (Prop_ibuf_I_O)         1.492     1.492 r  sys_clk_IBUF_inst/O
                         net (fo=1, routed)           2.076     3.568    sys_clk_IBUF
    BUFGCTRL_X0Y16       BUFG (Prop_bufg_I_O)         0.101     3.669 r  sys_clk_IBUF_BUFG_inst/O
                         net (fo=33, routed)          1.740     5.409    U_BLINK/sys_clk
    SLICE_X43Y53         FDRE                                         r  U_BLINK/counter_reg[9]/C
  -------------------------------------------------------------------    -------------------
    SLICE_X43Y53         FDRE (Prop_fdre_C_Q)         0.456     5.865 f  U_BLINK/counter_reg[9]/Q
                         net (fo=2, routed)           0.881     6.745    U_BLINK/counter_reg[9]
    SLICE_X42Y52         LUT4 (Prop_lut4_I1_O)        0.124     6.869 f  U_BLINK/counter[0]_i_11/O
                         net (fo=1, routed)           0.518     7.387    U_BLINK/counter[0]_i_11_n_0
    SLICE_X42Y54         LUT5 (Prop_lut5_I4_O)        0.124     7.511 r  U_BLINK/counter[0]_i_6/O
                         net (fo=2, routed)           0.670     8.181    U_BLINK/counter[0]_i_6_n_0
    SLICE_X42Y53         LUT5 (Prop_lut5_I3_O)        0.124     8.305 r  U_BLINK/counter[0]_i_1/O
                         net (fo=32, routed)          0.861     9.165    U_BLINK/counter[0]_i_1_n_0
    SLICE_X43Y56         FDRE                                         r  U_BLINK/counter_reg[21]/R
  -------------------------------------------------------------------    -------------------

                         (clock sys_clk_pin rise edge)
                                                      8.000     8.000 r  
    K17                                               0.000     8.000 r  sys_clk (IN)
                         net (fo=0)                   0.000     8.000    sys_clk
    K17                  IBUF (Prop_ibuf_I_O)         1.421     9.421 r  sys_clk_IBUF_inst/O
                         net (fo=1, routed)           1.880    11.301    sys_clk_IBUF
    BUFGCTRL_X0Y16       BUFG (Prop_bufg_I_O)         0.091    11.392 r  sys_clk_IBUF_BUFG_inst/O
                         net (fo=33, routed)          1.563    12.955    U_BLINK/sys_clk
    SLICE_X43Y56         FDRE                                         r  U_BLINK/counter_reg[21]/C
                         clock pessimism              0.429    13.384    
                         clock uncertainty           -0.035    13.348    
    SLICE_X43Y56         FDRE (Setup_fdre_C_R)       -0.429    12.919    U_BLINK/counter_reg[21]
  -------------------------------------------------------------------
                         required time                         12.919    
                         arrival time                          -9.165    
  -------------------------------------------------------------------
                         slack                                  3.754    

Slack (MET) :             3.754ns  (required time - arrival time)
  Source:                 U_BLINK/counter_reg[9]/C
                            (rising edge-triggered cell FDRE clocked by sys_clk_pin  {rise@0.000ns fall@4.000ns period=8.000ns})
  Destination:            U_BLINK/counter_reg[22]/R
                            (rising edge-triggered cell FDRE clocked by sys_clk_pin  {rise@0.000ns fall@4.000ns period=8.000ns})
  Path Group:             sys_clk_pin
  Path Type:              Setup (Max at Slow Process Corner)
  Requirement:            8.000ns  (sys_clk_pin rise@8.000ns - sys_clk_pin rise@0.000ns)
  Data Path Delay:        3.757ns  (logic 0.828ns (22.041%)  route 2.929ns (77.959%))
  Logic Levels:           3  (LUT4=1 LUT5=2)
  Clock Path Skew:        -0.025ns (DCD - SCD + CPR)
    Destination Clock Delay (DCD):    4.955ns = ( 12.955 - 8.000 ) 
    Source Clock Delay      (SCD):    5.409ns
    Clock Pessimism Removal (CPR):    0.429ns
  Clock Uncertainty:      0.035ns  ((TSJ^2 + TIJ^2)^1/2 + DJ) / 2 + PE
    Total System Jitter     (TSJ):    0.071ns
    Total Input Jitter      (TIJ):    0.000ns
    Discrete Jitter          (DJ):    0.000ns
    Phase Error              (PE):    0.000ns

    Location             Delay type                Incr(ns)  Path(ns)    Netlist Resource(s)
  -------------------------------------------------------------------    -------------------
                         (clock sys_clk_pin rise edge)
                                                      0.000     0.000 r  
    K17                                               0.000     0.000 r  sys_clk (IN)
                         net (fo=0)                   0.000     0.000    sys_clk
    K17                  IBUF (Prop_ibuf_I_O)         1.492     1.492 r  sys_clk_IBUF_inst/O
                         net (fo=1, routed)           2.076     3.568    sys_clk_IBUF
    BUFGCTRL_X0Y16       BUFG (Prop_bufg_I_O)         0.101     3.669 r  sys_clk_IBUF_BUFG_inst/O
                         net (fo=33, routed)          1.740     5.409    U_BLINK/sys_clk
    SLICE_X43Y53         FDRE                                         r  U_BLINK/counter_reg[9]/C
  -------------------------------------------------------------------    -------------------
    SLICE_X43Y53         FDRE (Prop_fdre_C_Q)         0.456     5.865 f  U_BLINK/counter_reg[9]/Q
                         net (fo=2, routed)           0.881     6.745    U_BLINK/counter_reg[9]
    SLICE_X42Y52         LUT4 (Prop_lut4_I1_O)        0.124     6.869 f  U_BLINK/counter[0]_i_11/O
                         net (fo=1, routed)           0.518     7.387    U_BLINK/counter[0]_i_11_n_0
    SLICE_X42Y54         LUT5 (Prop_lut5_I4_O)        0.124     7.511 r  U_BLINK/counter[0]_i_6/O
                         net (fo=2, routed)           0.670     8.181    U_BLINK/counter[0]_i_6_n_0
    SLICE_X42Y53         LUT5 (Prop_lut5_I3_O)        0.124     8.305 r  U_BLINK/counter[0]_i_1/O
                         net (fo=32, routed)          0.861     9.165    U_BLINK/counter[0]_i_1_n_0
    SLICE_X43Y56         FDRE                                         r  U_BLINK/counter_reg[22]/R
  -------------------------------------------------------------------    -------------------

                         (clock sys_clk_pin rise edge)
                                                      8.000     8.000 r  
    K17                                               0.000     8.000 r  sys_clk (IN)
                         net (fo=0)                   0.000     8.000    sys_clk
    K17                  IBUF (Prop_ibuf_I_O)         1.421     9.421 r  sys_clk_IBUF_inst/O
                         net (fo=1, routed)           1.880    11.301    sys_clk_IBUF
    BUFGCTRL_X0Y16       BUFG (Prop_bufg_I_O)         0.091    11.392 r  sys_clk_IBUF_BUFG_inst/O
                         net (fo=33, routed)          1.563    12.955    U_BLINK/sys_clk
    SLICE_X43Y56         FDRE                                         r  U_BLINK/counter_reg[22]/C
                         clock pessimism              0.429    13.384    
                         clock uncertainty           -0.035    13.348    
    SLICE_X43Y56         FDRE (Setup_fdre_C_R)       -0.429    12.919    U_BLINK/counter_reg[22]
  -------------------------------------------------------------------
                         required time                         12.919    
                         arrival time                          -9.165    
  -------------------------------------------------------------------
                         slack                                  3.754    

Slack (MET) :             3.754ns  (required time - arrival time)
  Source:                 U_BLINK/counter_reg[9]/C
                            (rising edge-triggered cell FDRE clocked by sys_clk_pin  {rise@0.000ns fall@4.000ns period=8.000ns})
  Destination:            U_BLINK/counter_reg[23]/R
                            (rising edge-triggered cell FDRE clocked by sys_clk_pin  {rise@0.000ns fall@4.000ns period=8.000ns})
  Path Group:             sys_clk_pin
  Path Type:              Setup (Max at Slow Process Corner)
  Requirement:            8.000ns  (sys_clk_pin rise@8.000ns - sys_clk_pin rise@0.000ns)
  Data Path Delay:        3.757ns  (logic 0.828ns (22.041%)  route 2.929ns (77.959%))
  Logic Levels:           3  (LUT4=1 LUT5=2)
  Clock Path Skew:        -0.025ns (DCD - SCD + CPR)
    Destination Clock Delay (DCD):    4.955ns = ( 12.955 - 8.000 ) 
    Source Clock Delay      (SCD):    5.409ns
    Clock Pessimism Removal (CPR):    0.429ns
  Clock Uncertainty:      0.035ns  ((TSJ^2 + TIJ^2)^1/2 + DJ) / 2 + PE
    Total System Jitter     (TSJ):    0.071ns
    Total Input Jitter      (TIJ):    0.000ns
    Discrete Jitter          (DJ):    0.000ns
    Phase Error              (PE):    0.000ns

    Location             Delay type                Incr(ns)  Path(ns)    Netlist Resource(s)
  -------------------------------------------------------------------    -------------------
                         (clock sys_clk_pin rise edge)
                                                      0.000     0.000 r  
    K17                                               0.000     0.000 r  sys_clk (IN)
                         net (fo=0)                   0.000     0.000    sys_clk
    K17                  IBUF (Prop_ibuf_I_O)         1.492     1.492 r  sys_clk_IBUF_inst/O
                         net (fo=1, routed)           2.076     3.568    sys_clk_IBUF
    BUFGCTRL_X0Y16       BUFG (Prop_bufg_I_O)         0.101     3.669 r  sys_clk_IBUF_BUFG_inst/O
                         net (fo=33, routed)          1.740     5.409    U_BLINK/sys_clk
    SLICE_X43Y53         FDRE                                         r  U_BLINK/counter_reg[9]/C
  -------------------------------------------------------------------    -------------------
    SLICE_X43Y53         FDRE (Prop_fdre_C_Q)         0.456     5.865 f  U_BLINK/counter_reg[9]/Q
                         net (fo=2, routed)           0.881     6.745    U_BLINK/counter_reg[9]
    SLICE_X42Y52         LUT4 (Prop_lut4_I1_O)        0.124     6.869 f  U_BLINK/counter[0]_i_11/O
                         net (fo=1, routed)           0.518     7.387    U_BLINK/counter[0]_i_11_n_0
    SLICE_X42Y54         LUT5 (Prop_lut5_I4_O)        0.124     7.511 r  U_BLINK/counter[0]_i_6/O
                         net (fo=2, routed)           0.670     8.181    U_BLINK/counter[0]_i_6_n_0
    SLICE_X42Y53         LUT5 (Prop_lut5_I3_O)        0.124     8.305 r  U_BLINK/counter[0]_i_1/O
                         net (fo=32, routed)          0.861     9.165    U_BLINK/counter[0]_i_1_n_0
    SLICE_X43Y56         FDRE                                         r  U_BLINK/counter_reg[23]/R
  -------------------------------------------------------------------    -------------------

                         (clock sys_clk_pin rise edge)
                                                      8.000     8.000 r  
    K17                                               0.000     8.000 r  sys_clk (IN)
                         net (fo=0)                   0.000     8.000    sys_clk
    K17                  IBUF (Prop_ibuf_I_O)         1.421     9.421 r  sys_clk_IBUF_inst/O
                         net (fo=1, routed)           1.880    11.301    sys_clk_IBUF
    BUFGCTRL_X0Y16       BUFG (Prop_bufg_I_O)         0.091    11.392 r  sys_clk_IBUF_BUFG_inst/O
                         net (fo=33, routed)          1.563    12.955    U_BLINK/sys_clk
    SLICE_X43Y56         FDRE                                         r  U_BLINK/counter_reg[23]/C
                         clock pessimism              0.429    13.384    
                         clock uncertainty           -0.035    13.348    
    SLICE_X43Y56         FDRE (Setup_fdre_C_R)       -0.429    12.919    U_BLINK/counter_reg[23]
  -------------------------------------------------------------------
                         required time                         12.919    
                         arrival time                          -9.165    
  -------------------------------------------------------------------
                         slack                                  3.754    

Slack (MET) :             3.884ns  (required time - arrival time)
  Source:                 U_BLINK/counter_reg[9]/C
                            (rising edge-triggered cell FDRE clocked by sys_clk_pin  {rise@0.000ns fall@4.000ns period=8.000ns})
  Destination:            U_BLINK/counter_reg[24]/R
                            (rising edge-triggered cell FDRE clocked by sys_clk_pin  {rise@0.000ns fall@4.000ns period=8.000ns})
  Path Group:             sys_clk_pin
  Path Type:              Setup (Max at Slow Process Corner)
  Requirement:            8.000ns  (sys_clk_pin rise@8.000ns - sys_clk_pin rise@0.000ns)
  Data Path Delay:        3.626ns  (logic 0.828ns (22.835%)  route 2.798ns (77.165%))
  Logic Levels:           3  (LUT4=1 LUT5=2)
  Clock Path Skew:        -0.026ns (DCD - SCD + CPR)
    Destination Clock Delay (DCD):    4.954ns = ( 12.954 - 8.000 ) 
    Source Clock Delay      (SCD):    5.409ns
    Clock Pessimism Removal (CPR):    0.429ns
  Clock Uncertainty:      0.035ns  ((TSJ^2 + TIJ^2)^1/2 + DJ) / 2 + PE
    Total System Jitter     (TSJ):    0.071ns
    Total Input Jitter      (TIJ):    0.000ns
    Discrete Jitter          (DJ):    0.000ns
    Phase Error              (PE):    0.000ns

    Location             Delay type                Incr(ns)  Path(ns)    Netlist Resource(s)
  -------------------------------------------------------------------    -------------------
                         (clock sys_clk_pin rise edge)
                                                      0.000     0.000 r  
    K17                                               0.000     0.000 r  sys_clk (IN)
                         net (fo=0)                   0.000     0.000    sys_clk
    K17                  IBUF (Prop_ibuf_I_O)         1.492     1.492 r  sys_clk_IBUF_inst/O
                         net (fo=1, routed)           2.076     3.568    sys_clk_IBUF
    BUFGCTRL_X0Y16       BUFG (Prop_bufg_I_O)         0.101     3.669 r  sys_clk_IBUF_BUFG_inst/O
                         net (fo=33, routed)          1.740     5.409    U_BLINK/sys_clk
    SLICE_X43Y53         FDRE                                         r  U_BLINK/counter_reg[9]/C
  -------------------------------------------------------------------    -------------------
    SLICE_X43Y53         FDRE (Prop_fdre_C_Q)         0.456     5.865 f  U_BLINK/counter_reg[9]/Q
                         net (fo=2, routed)           0.881     6.745    U_BLINK/counter_reg[9]
    SLICE_X42Y52         LUT4 (Prop_lut4_I1_O)        0.124     6.869 f  U_BLINK/counter[0]_i_11/O
                         net (fo=1, routed)           0.518     7.387    U_BLINK/counter[0]_i_11_n_0
    SLICE_X42Y54         LUT5 (Prop_lut5_I4_O)        0.124     7.511 r  U_BLINK/counter[0]_i_6/O
                         net (fo=2, routed)           0.670     8.181    U_BLINK/counter[0]_i_6_n_0
    SLICE_X42Y53         LUT5 (Prop_lut5_I3_O)        0.124     8.305 r  U_BLINK/counter[0]_i_1/O
                         net (fo=32, routed)          0.730     9.035    U_BLINK/counter[0]_i_1_n_0
    SLICE_X43Y57         FDRE                                         r  U_BLINK/counter_reg[24]/R
  -------------------------------------------------------------------    -------------------

                         (clock sys_clk_pin rise edge)
                                                      8.000     8.000 r  
    K17                                               0.000     8.000 r  sys_clk (IN)
                         net (fo=0)                   0.000     8.000    sys_clk
    K17                  IBUF (Prop_ibuf_I_O)         1.421     9.421 r  sys_clk_IBUF_inst/O
                         net (fo=1, routed)           1.880    11.301    sys_clk_IBUF
    BUFGCTRL_X0Y16       BUFG (Prop_bufg_I_O)         0.091    11.392 r  sys_clk_IBUF_BUFG_inst/O
                         net (fo=33, routed)          1.562    12.954    U_BLINK/sys_clk
    SLICE_X43Y57         FDRE                                         r  U_BLINK/counter_reg[24]/C
                         clock pessimism              0.429    13.383    
                         clock uncertainty           -0.035    13.347    
    SLICE_X43Y57         FDRE (Setup_fdre_C_R)       -0.429    12.918    U_BLINK/counter_reg[24]
  -------------------------------------------------------------------
                         required time                         12.918    
                         arrival time                          -9.035    
  -------------------------------------------------------------------
                         slack                                  3.884    

Slack (MET) :             3.884ns  (required time - arrival time)
  Source:                 U_BLINK/counter_reg[9]/C
                            (rising edge-triggered cell FDRE clocked by sys_clk_pin  {rise@0.000ns fall@4.000ns period=8.000ns})
  Destination:            U_BLINK/counter_reg[25]/R
                            (rising edge-triggered cell FDRE clocked by sys_clk_pin  {rise@0.000ns fall@4.000ns period=8.000ns})
  Path Group:             sys_clk_pin
  Path Type:              Setup (Max at Slow Process Corner)
  Requirement:            8.000ns  (sys_clk_pin rise@8.000ns - sys_clk_pin rise@0.000ns)
  Data Path Delay:        3.626ns  (logic 0.828ns (22.835%)  route 2.798ns (77.165%))
  Logic Levels:           3  (LUT4=1 LUT5=2)
  Clock Path Skew:        -0.026ns (DCD - SCD + CPR)
    Destination Clock Delay (DCD):    4.954ns = ( 12.954 - 8.000 ) 
    Source Clock Delay      (SCD):    5.409ns
    Clock Pessimism Removal (CPR):    0.429ns
  Clock Uncertainty:      0.035ns  ((TSJ^2 + TIJ^2)^1/2 + DJ) / 2 + PE
    Total System Jitter     (TSJ):    0.071ns
    Total Input Jitter      (TIJ):    0.000ns
    Discrete Jitter          (DJ):    0.000ns
    Phase Error              (PE):    0.000ns

    Location             Delay type                Incr(ns)  Path(ns)    Netlist Resource(s)
  -------------------------------------------------------------------    -------------------
                         (clock sys_clk_pin rise edge)
                                                      0.000     0.000 r  
    K17                                               0.000     0.000 r  sys_clk (IN)
                         net (fo=0)                   0.000     0.000    sys_clk
    K17                  IBUF (Prop_ibuf_I_O)         1.492     1.492 r  sys_clk_IBUF_inst/O
                         net (fo=1, routed)           2.076     3.568    sys_clk_IBUF
    BUFGCTRL_X0Y16       BUFG (Prop_bufg_I_O)         0.101     3.669 r  sys_clk_IBUF_BUFG_inst/O
                         net (fo=33, routed)          1.740     5.409    U_BLINK/sys_clk
    SLICE_X43Y53         FDRE                                         r  U_BLINK/counter_reg[9]/C
  -------------------------------------------------------------------    -------------------
    SLICE_X43Y53         FDRE (Prop_fdre_C_Q)         0.456     5.865 f  U_BLINK/counter_reg[9]/Q
                         net (fo=2, routed)           0.881     6.745    U_BLINK/counter_reg[9]
    SLICE_X42Y52         LUT4 (Prop_lut4_I1_O)        0.124     6.869 f  U_BLINK/counter[0]_i_11/O
                         net (fo=1, routed)           0.518     7.387    U_BLINK/counter[0]_i_11_n_0
    SLICE_X42Y54         LUT5 (Prop_lut5_I4_O)        0.124     7.511 r  U_BLINK/counter[0]_i_6/O
                         net (fo=2, routed)           0.670     8.181    U_BLINK/counter[0]_i_6_n_0
    SLICE_X42Y53         LUT5 (Prop_lut5_I3_O)        0.124     8.305 r  U_BLINK/counter[0]_i_1/O
                         net (fo=32, routed)          0.730     9.035    U_BLINK/counter[0]_i_1_n_0
    SLICE_X43Y57         FDRE                                         r  U_BLINK/counter_reg[25]/R
  -------------------------------------------------------------------    -------------------

                         (clock sys_clk_pin rise edge)
                                                      8.000     8.000 r  
    K17                                               0.000     8.000 r  sys_clk (IN)
                         net (fo=0)                   0.000     8.000    sys_clk
    K17                  IBUF (Prop_ibuf_I_O)         1.421     9.421 r  sys_clk_IBUF_inst/O
                         net (fo=1, routed)           1.880    11.301    sys_clk_IBUF
    BUFGCTRL_X0Y16       BUFG (Prop_bufg_I_O)         0.091    11.392 r  sys_clk_IBUF_BUFG_inst/O
                         net (fo=33, routed)          1.562    12.954    U_BLINK/sys_clk
    SLICE_X43Y57         FDRE                                         r  U_BLINK/counter_reg[25]/C
                         clock pessimism              0.429    13.383    
                         clock uncertainty           -0.035    13.347    
    SLICE_X43Y57         FDRE (Setup_fdre_C_R)       -0.429    12.918    U_BLINK/counter_reg[25]
  -------------------------------------------------------------------
                         required time                         12.918    
                         arrival time                          -9.035    
  -------------------------------------------------------------------
                         slack                                  3.884    





Min Delay Paths
--------------------------------------------------------------------------------------
Slack (MET) :             0.261ns  (arrival time - required time)
  Source:                 U_BLINK/counter_reg[11]/C
                            (rising edge-triggered cell FDRE clocked by sys_clk_pin  {rise@0.000ns fall@4.000ns period=8.000ns})
  Destination:            U_BLINK/counter_reg[11]/D
                            (rising edge-triggered cell FDRE clocked by sys_clk_pin  {rise@0.000ns fall@4.000ns period=8.000ns})
  Path Group:             sys_clk_pin
  Path Type:              Hold (Min at Fast Process Corner)
  Requirement:            0.000ns  (sys_clk_pin rise@0.000ns - sys_clk_pin rise@0.000ns)
  Data Path Delay:        0.366ns  (logic 0.249ns (68.025%)  route 0.117ns (31.975%))
  Logic Levels:           1  (CARRY4=1)
  Clock Path Skew:        0.000ns (DCD - SCD - CPR)
    Destination Clock Delay (DCD):    2.017ns
    Source Clock Delay      (SCD):    1.500ns
    Clock Pessimism Removal (CPR):    0.517ns

    Location             Delay type                Incr(ns)  Path(ns)    Netlist Resource(s)
  -------------------------------------------------------------------    -------------------
                         (clock sys_clk_pin rise edge)
                                                      0.000     0.000 r  
    K17                                               0.000     0.000 r  sys_clk (IN)
                         net (fo=0)                   0.000     0.000    sys_clk
    K17                  IBUF (Prop_ibuf_I_O)         0.259     0.259 r  sys_clk_IBUF_inst/O
                         net (fo=1, routed)           0.627     0.887    sys_clk_IBUF
    BUFGCTRL_X0Y16       BUFG (Prop_bufg_I_O)         0.026     0.913 r  sys_clk_IBUF_BUFG_inst/O
                         net (fo=33, routed)          0.588     1.500    U_BLINK/sys_clk
    SLICE_X43Y53         FDRE                                         r  U_BLINK/counter_reg[11]/C
  -------------------------------------------------------------------    -------------------
    SLICE_X43Y53         FDRE (Prop_fdre_C_Q)         0.141     1.641 r  U_BLINK/counter_reg[11]/Q
                         net (fo=2, routed)           0.117     1.758    U_BLINK/counter_reg[11]
    SLICE_X43Y53         CARRY4 (Prop_carry4_S[3]_O[3])
                                                      0.108     1.866 r  U_BLINK/counter_reg[8]_i_1/O[3]
                         net (fo=1, routed)           0.000     1.866    U_BLINK/counter_reg[8]_i_1_n_4
    SLICE_X43Y53         FDRE                                         r  U_BLINK/counter_reg[11]/D
  -------------------------------------------------------------------    -------------------

                         (clock sys_clk_pin rise edge)
                                                      0.000     0.000 r  
    K17                                               0.000     0.000 r  sys_clk (IN)
                         net (fo=0)                   0.000     0.000    sys_clk
    K17                  IBUF (Prop_ibuf_I_O)         0.447     0.447 r  sys_clk_IBUF_inst/O
                         net (fo=1, routed)           0.683     1.130    sys_clk_IBUF
    BUFGCTRL_X0Y16       BUFG (Prop_bufg_I_O)         0.029     1.159 r  sys_clk_IBUF_BUFG_inst/O
                         net (fo=33, routed)          0.858     2.017    U_BLINK/sys_clk
    SLICE_X43Y53         FDRE                                         r  U_BLINK/counter_reg[11]/C
                         clock pessimism             -0.517     1.500    
    SLICE_X43Y53         FDRE (Hold_fdre_C_D)         0.105     1.605    U_BLINK/counter_reg[11]
  -------------------------------------------------------------------
                         required time                         -1.605    
                         arrival time                           1.866    
  -------------------------------------------------------------------
                         slack                                  0.261    

Slack (MET) :             0.261ns  (arrival time - required time)
  Source:                 U_BLINK/counter_reg[7]/C
                            (rising edge-triggered cell FDRE clocked by sys_clk_pin  {rise@0.000ns fall@4.000ns period=8.000ns})
  Destination:            U_BLINK/counter_reg[7]/D
                            (rising edge-triggered cell FDRE clocked by sys_clk_pin  {rise@0.000ns fall@4.000ns period=8.000ns})
  Path Group:             sys_clk_pin
  Path Type:              Hold (Min at Fast Process Corner)
  Requirement:            0.000ns  (sys_clk_pin rise@0.000ns - sys_clk_pin rise@0.000ns)
  Data Path Delay:        0.366ns  (logic 0.249ns (67.994%)  route 0.117ns (32.006%))
  Logic Levels:           1  (CARRY4=1)
  Clock Path Skew:        0.000ns (DCD - SCD - CPR)
    Destination Clock Delay (DCD):    2.018ns
    Source Clock Delay      (SCD):    1.501ns
    Clock Pessimism Removal (CPR):    0.517ns

    Location             Delay type                Incr(ns)  Path(ns)    Netlist Resource(s)
  -------------------------------------------------------------------    -------------------
                         (clock sys_clk_pin rise edge)
                                                      0.000     0.000 r  
    K17                                               0.000     0.000 r  sys_clk (IN)
                         net (fo=0)                   0.000     0.000    sys_clk
    K17                  IBUF (Prop_ibuf_I_O)         0.259     0.259 r  sys_clk_IBUF_inst/O
                         net (fo=1, routed)           0.627     0.887    sys_clk_IBUF
    BUFGCTRL_X0Y16       BUFG (Prop_bufg_I_O)         0.026     0.913 r  sys_clk_IBUF_BUFG_inst/O
                         net (fo=33, routed)          0.589     1.501    U_BLINK/sys_clk
    SLICE_X43Y52         FDRE                                         r  U_BLINK/counter_reg[7]/C
  -------------------------------------------------------------------    -------------------
    SLICE_X43Y52         FDRE (Prop_fdre_C_Q)         0.141     1.642 r  U_BLINK/counter_reg[7]/Q
                         net (fo=2, routed)           0.117     1.760    U_BLINK/counter_reg[7]
    SLICE_X43Y52         CARRY4 (Prop_carry4_S[3]_O[3])
                                                      0.108     1.868 r  U_BLINK/counter_reg[4]_i_1/O[3]
                         net (fo=1, routed)           0.000     1.868    U_BLINK/counter_reg[4]_i_1_n_4
    SLICE_X43Y52         FDRE                                         r  U_BLINK/counter_reg[7]/D
  -------------------------------------------------------------------    -------------------

                         (clock sys_clk_pin rise edge)
                                                      0.000     0.000 r  
    K17                                               0.000     0.000 r  sys_clk (IN)
                         net (fo=0)                   0.000     0.000    sys_clk
    K17                  IBUF (Prop_ibuf_I_O)         0.447     0.447 r  sys_clk_IBUF_inst/O
                         net (fo=1, routed)           0.683     1.130    sys_clk_IBUF
    BUFGCTRL_X0Y16       BUFG (Prop_bufg_I_O)         0.029     1.159 r  sys_clk_IBUF_BUFG_inst/O
                         net (fo=33, routed)          0.859     2.018    U_BLINK/sys_clk
    SLICE_X43Y52         FDRE                                         r  U_BLINK/counter_reg[7]/C
                         clock pessimism             -0.517     1.501    
    SLICE_X43Y52         FDRE (Hold_fdre_C_D)         0.105     1.606    U_BLINK/counter_reg[7]
  -------------------------------------------------------------------
                         required time                         -1.606    
                         arrival time                           1.868    
  -------------------------------------------------------------------
                         slack                                  0.261    

Slack (MET) :             0.262ns  (arrival time - required time)
  Source:                 U_BLINK/counter_reg[23]/C
                            (rising edge-triggered cell FDRE clocked by sys_clk_pin  {rise@0.000ns fall@4.000ns period=8.000ns})
  Destination:            U_BLINK/counter_reg[23]/D
                            (rising edge-triggered cell FDRE clocked by sys_clk_pin  {rise@0.000ns fall@4.000ns period=8.000ns})
  Path Group:             sys_clk_pin
  Path Type:              Hold (Min at Fast Process Corner)
  Requirement:            0.000ns  (sys_clk_pin rise@0.000ns - sys_clk_pin rise@0.000ns)
  Data Path Delay:        0.367ns  (logic 0.249ns (67.838%)  route 0.118ns (32.162%))
  Logic Levels:           1  (CARRY4=1)
  Clock Path Skew:        0.000ns (DCD - SCD - CPR)
    Destination Clock Delay (DCD):    2.017ns
    Source Clock Delay      (SCD):    1.500ns
    Clock Pessimism Removal (CPR):    0.517ns

    Location             Delay type                Incr(ns)  Path(ns)    Netlist Resource(s)
  -------------------------------------------------------------------    -------------------
                         (clock sys_clk_pin rise edge)
                                                      0.000     0.000 r  
    K17                                               0.000     0.000 r  sys_clk (IN)
                         net (fo=0)                   0.000     0.000    sys_clk
    K17                  IBUF (Prop_ibuf_I_O)         0.259     0.259 r  sys_clk_IBUF_inst/O
                         net (fo=1, routed)           0.627     0.887    sys_clk_IBUF
    BUFGCTRL_X0Y16       BUFG (Prop_bufg_I_O)         0.026     0.913 r  sys_clk_IBUF_BUFG_inst/O
                         net (fo=33, routed)          0.588     1.500    U_BLINK/sys_clk
    SLICE_X43Y56         FDRE                                         r  U_BLINK/counter_reg[23]/C
  -------------------------------------------------------------------    -------------------
    SLICE_X43Y56         FDRE (Prop_fdre_C_Q)         0.141     1.641 r  U_BLINK/counter_reg[23]/Q
                         net (fo=2, routed)           0.118     1.759    U_BLINK/counter_reg[23]
    SLICE_X43Y56         CARRY4 (Prop_carry4_S[3]_O[3])
                                                      0.108     1.867 r  U_BLINK/counter_reg[20]_i_1/O[3]
                         net (fo=1, routed)           0.000     1.867    U_BLINK/counter_reg[20]_i_1_n_4
    SLICE_X43Y56         FDRE                                         r  U_BLINK/counter_reg[23]/D
  -------------------------------------------------------------------    -------------------

                         (clock sys_clk_pin rise edge)
                                                      0.000     0.000 r  
    K17                                               0.000     0.000 r  sys_clk (IN)
                         net (fo=0)                   0.000     0.000    sys_clk
    K17                  IBUF (Prop_ibuf_I_O)         0.447     0.447 r  sys_clk_IBUF_inst/O
                         net (fo=1, routed)           0.683     1.130    sys_clk_IBUF
    BUFGCTRL_X0Y16       BUFG (Prop_bufg_I_O)         0.029     1.159 r  sys_clk_IBUF_BUFG_inst/O
                         net (fo=33, routed)          0.858     2.017    U_BLINK/sys_clk
    SLICE_X43Y56         FDRE                                         r  U_BLINK/counter_reg[23]/C
                         clock pessimism             -0.517     1.500    
    SLICE_X43Y56         FDRE (Hold_fdre_C_D)         0.105     1.605    U_BLINK/counter_reg[23]
  -------------------------------------------------------------------
                         required time                         -1.605    
                         arrival time                           1.867    
  -------------------------------------------------------------------
                         slack                                  0.262    

Slack (MET) :             0.263ns  (arrival time - required time)
  Source:                 U_BLINK/counter_reg[19]/C
                            (rising edge-triggered cell FDRE clocked by sys_clk_pin  {rise@0.000ns fall@4.000ns period=8.000ns})
  Destination:            U_BLINK/counter_reg[19]/D
                            (rising edge-triggered cell FDRE clocked by sys_clk_pin  {rise@0.000ns fall@4.000ns period=8.000ns})
  Path Group:             sys_clk_pin
  Path Type:              Hold (Min at Fast Process Corner)
  Requirement:            0.000ns  (sys_clk_pin rise@0.000ns - sys_clk_pin rise@0.000ns)
  Data Path Delay:        0.368ns  (logic 0.249ns (67.612%)  route 0.119ns (32.388%))
  Logic Levels:           1  (CARRY4=1)
  Clock Path Skew:        0.000ns (DCD - SCD - CPR)
    Destination Clock Delay (DCD):    2.017ns
    Source Clock Delay      (SCD):    1.500ns
    Clock Pessimism Removal (CPR):    0.517ns

    Location             Delay type                Incr(ns)  Path(ns)    Netlist Resource(s)
  -------------------------------------------------------------------    -------------------
                         (clock sys_clk_pin rise edge)
                                                      0.000     0.000 r  
    K17                                               0.000     0.000 r  sys_clk (IN)
                         net (fo=0)                   0.000     0.000    sys_clk
    K17                  IBUF (Prop_ibuf_I_O)         0.259     0.259 r  sys_clk_IBUF_inst/O
                         net (fo=1, routed)           0.627     0.887    sys_clk_IBUF
    BUFGCTRL_X0Y16       BUFG (Prop_bufg_I_O)         0.026     0.913 r  sys_clk_IBUF_BUFG_inst/O
                         net (fo=33, routed)          0.588     1.500    U_BLINK/sys_clk
    SLICE_X43Y55         FDRE                                         r  U_BLINK/counter_reg[19]/C
  -------------------------------------------------------------------    -------------------
    SLICE_X43Y55         FDRE (Prop_fdre_C_Q)         0.141     1.641 r  U_BLINK/counter_reg[19]/Q
                         net (fo=2, routed)           0.119     1.761    U_BLINK/counter_reg[19]
    SLICE_X43Y55         CARRY4 (Prop_carry4_S[3]_O[3])
                                                      0.108     1.869 r  U_BLINK/counter_reg[16]_i_1/O[3]
                         net (fo=1, routed)           0.000     1.869    U_BLINK/counter_reg[16]_i_1_n_4
    SLICE_X43Y55         FDRE                                         r  U_BLINK/counter_reg[19]/D
  -------------------------------------------------------------------    -------------------

                         (clock sys_clk_pin rise edge)
                                                      0.000     0.000 r  
    K17                                               0.000     0.000 r  sys_clk (IN)
                         net (fo=0)                   0.000     0.000    sys_clk
    K17                  IBUF (Prop_ibuf_I_O)         0.447     0.447 r  sys_clk_IBUF_inst/O
                         net (fo=1, routed)           0.683     1.130    sys_clk_IBUF
    BUFGCTRL_X0Y16       BUFG (Prop_bufg_I_O)         0.029     1.159 r  sys_clk_IBUF_BUFG_inst/O
                         net (fo=33, routed)          0.858     2.017    U_BLINK/sys_clk
    SLICE_X43Y55         FDRE                                         r  U_BLINK/counter_reg[19]/C
                         clock pessimism             -0.517     1.500    
    SLICE_X43Y55         FDRE (Hold_fdre_C_D)         0.105     1.605    U_BLINK/counter_reg[19]
  -------------------------------------------------------------------
                         required time                         -1.605    
                         arrival time                           1.869    
  -------------------------------------------------------------------
                         slack                                  0.263    

Slack (MET) :             0.264ns  (arrival time - required time)
  Source:                 U_BLINK/led_out_i_reg/C
                            (rising edge-triggered cell FDRE clocked by sys_clk_pin  {rise@0.000ns fall@4.000ns period=8.000ns})
  Destination:            U_BLINK/led_out_i_reg/D
                            (rising edge-triggered cell FDRE clocked by sys_clk_pin  {rise@0.000ns fall@4.000ns period=8.000ns})
  Path Group:             sys_clk_pin
  Path Type:              Hold (Min at Fast Process Corner)
  Requirement:            0.000ns  (sys_clk_pin rise@0.000ns - sys_clk_pin rise@0.000ns)
  Data Path Delay:        0.384ns  (logic 0.209ns (54.384%)  route 0.175ns (45.616%))
  Logic Levels:           1  (LUT6=1)
  Clock Path Skew:        0.000ns (DCD - SCD - CPR)
    Destination Clock Delay (DCD):    2.017ns
    Source Clock Delay      (SCD):    1.500ns
    Clock Pessimism Removal (CPR):    0.517ns

    Location             Delay type                Incr(ns)  Path(ns)    Netlist Resource(s)
  -------------------------------------------------------------------    -------------------
                         (clock sys_clk_pin rise edge)
                                                      0.000     0.000 r  
    K17                                               0.000     0.000 r  sys_clk (IN)
                         net (fo=0)                   0.000     0.000    sys_clk
    K17                  IBUF (Prop_ibuf_I_O)         0.259     0.259 r  sys_clk_IBUF_inst/O
                         net (fo=1, routed)           0.627     0.887    sys_clk_IBUF
    BUFGCTRL_X0Y16       BUFG (Prop_bufg_I_O)         0.026     0.913 r  sys_clk_IBUF_BUFG_inst/O
                         net (fo=33, routed)          0.588     1.500    U_BLINK/sys_clk
    SLICE_X42Y53         FDRE                                         r  U_BLINK/led_out_i_reg/C
  -------------------------------------------------------------------    -------------------
    SLICE_X42Y53         FDRE (Prop_fdre_C_Q)         0.164     1.664 r  U_BLINK/led_out_i_reg/Q
                         net (fo=4, routed)           0.175     1.840    U_BLINK/blink_pulse
    SLICE_X42Y53         LUT6 (Prop_lut6_I0_O)        0.045     1.885 r  U_BLINK/led_out_i_i_1/O
                         net (fo=1, routed)           0.000     1.885    U_BLINK/led_out_i_i_1_n_0
    SLICE_X42Y53         FDRE                                         r  U_BLINK/led_out_i_reg/D
  -------------------------------------------------------------------    -------------------

                         (clock sys_clk_pin rise edge)
                                                      0.000     0.000 r  
    K17                                               0.000     0.000 r  sys_clk (IN)
                         net (fo=0)                   0.000     0.000    sys_clk
    K17                  IBUF (Prop_ibuf_I_O)         0.447     0.447 r  sys_clk_IBUF_inst/O
                         net (fo=1, routed)           0.683     1.130    sys_clk_IBUF
    BUFGCTRL_X0Y16       BUFG (Prop_bufg_I_O)         0.029     1.159 r  sys_clk_IBUF_BUFG_inst/O
                         net (fo=33, routed)          0.858     2.017    U_BLINK/sys_clk
    SLICE_X42Y53         FDRE                                         r  U_BLINK/led_out_i_reg/C
                         clock pessimism             -0.517     1.500    
    SLICE_X42Y53         FDRE (Hold_fdre_C_D)         0.120     1.620    U_BLINK/led_out_i_reg
  -------------------------------------------------------------------
                         required time                         -1.620    
                         arrival time                           1.885    
  -------------------------------------------------------------------
                         slack                                  0.264    

Slack (MET) :             0.264ns  (arrival time - required time)
  Source:                 U_BLINK/counter_reg[15]/C
                            (rising edge-triggered cell FDRE clocked by sys_clk_pin  {rise@0.000ns fall@4.000ns period=8.000ns})
  Destination:            U_BLINK/counter_reg[15]/D
                            (rising edge-triggered cell FDRE clocked by sys_clk_pin  {rise@0.000ns fall@4.000ns period=8.000ns})
  Path Group:             sys_clk_pin
  Path Type:              Hold (Min at Fast Process Corner)
  Requirement:            0.000ns  (sys_clk_pin rise@0.000ns - sys_clk_pin rise@0.000ns)
  Data Path Delay:        0.369ns  (logic 0.249ns (67.424%)  route 0.120ns (32.576%))
  Logic Levels:           1  (CARRY4=1)
  Clock Path Skew:        0.000ns (DCD - SCD - CPR)
    Destination Clock Delay (DCD):    2.017ns
    Source Clock Delay      (SCD):    1.500ns
    Clock Pessimism Removal (CPR):    0.517ns

    Location             Delay type                Incr(ns)  Path(ns)    Netlist Resource(s)
  -------------------------------------------------------------------    -------------------
                         (clock sys_clk_pin rise edge)
                                                      0.000     0.000 r  
    K17                                               0.000     0.000 r  sys_clk (IN)
                         net (fo=0)                   0.000     0.000    sys_clk
    K17                  IBUF (Prop_ibuf_I_O)         0.259     0.259 r  sys_clk_IBUF_inst/O
                         net (fo=1, routed)           0.627     0.887    sys_clk_IBUF
    BUFGCTRL_X0Y16       BUFG (Prop_bufg_I_O)         0.026     0.913 r  sys_clk_IBUF_BUFG_inst/O
                         net (fo=33, routed)          0.588     1.500    U_BLINK/sys_clk
    SLICE_X43Y54         FDRE                                         r  U_BLINK/counter_reg[15]/C
  -------------------------------------------------------------------    -------------------
    SLICE_X43Y54         FDRE (Prop_fdre_C_Q)         0.141     1.641 r  U_BLINK/counter_reg[15]/Q
                         net (fo=2, routed)           0.120     1.762    U_BLINK/counter_reg[15]
    SLICE_X43Y54         CARRY4 (Prop_carry4_S[3]_O[3])
                                                      0.108     1.870 r  U_BLINK/counter_reg[12]_i_1/O[3]
                         net (fo=1, routed)           0.000     1.870    U_BLINK/counter_reg[12]_i_1_n_4
    SLICE_X43Y54         FDRE                                         r  U_BLINK/counter_reg[15]/D
  -------------------------------------------------------------------    -------------------

                         (clock sys_clk_pin rise edge)
                                                      0.000     0.000 r  
    K17                                               0.000     0.000 r  sys_clk (IN)
                         net (fo=0)                   0.000     0.000    sys_clk
    K17                  IBUF (Prop_ibuf_I_O)         0.447     0.447 r  sys_clk_IBUF_inst/O
                         net (fo=1, routed)           0.683     1.130    sys_clk_IBUF
    BUFGCTRL_X0Y16       BUFG (Prop_bufg_I_O)         0.029     1.159 r  sys_clk_IBUF_BUFG_inst/O
                         net (fo=33, routed)          0.858     2.017    U_BLINK/sys_clk
    SLICE_X43Y54         FDRE                                         r  U_BLINK/counter_reg[15]/C
                         clock pessimism             -0.517     1.500    
    SLICE_X43Y54         FDRE (Hold_fdre_C_D)         0.105     1.605    U_BLINK/counter_reg[15]
  -------------------------------------------------------------------
                         required time                         -1.605    
                         arrival time                           1.870    
  -------------------------------------------------------------------
                         slack                                  0.264    

Slack (MET) :             0.264ns  (arrival time - required time)
  Source:                 U_BLINK/counter_reg[27]/C
                            (rising edge-triggered cell FDRE clocked by sys_clk_pin  {rise@0.000ns fall@4.000ns period=8.000ns})
  Destination:            U_BLINK/counter_reg[27]/D
                            (rising edge-triggered cell FDRE clocked by sys_clk_pin  {rise@0.000ns fall@4.000ns period=8.000ns})
  Path Group:             sys_clk_pin
  Path Type:              Hold (Min at Fast Process Corner)
  Requirement:            0.000ns  (sys_clk_pin rise@0.000ns - sys_clk_pin rise@0.000ns)
  Data Path Delay:        0.369ns  (logic 0.249ns (67.412%)  route 0.120ns (32.588%))
  Logic Levels:           1  (CARRY4=1)
  Clock Path Skew:        0.000ns (DCD - SCD - CPR)
    Destination Clock Delay (DCD):    2.016ns
    Source Clock Delay      (SCD):    1.499ns
    Clock Pessimism Removal (CPR):    0.517ns

    Location             Delay type                Incr(ns)  Path(ns)    Netlist Resource(s)
  -------------------------------------------------------------------    -------------------
                         (clock sys_clk_pin rise edge)
                                                      0.000     0.000 r  
    K17                                               0.000     0.000 r  sys_clk (IN)
                         net (fo=0)                   0.000     0.000    sys_clk
    K17                  IBUF (Prop_ibuf_I_O)         0.259     0.259 r  sys_clk_IBUF_inst/O
                         net (fo=1, routed)           0.627     0.887    sys_clk_IBUF
    BUFGCTRL_X0Y16       BUFG (Prop_bufg_I_O)         0.026     0.913 r  sys_clk_IBUF_BUFG_inst/O
                         net (fo=33, routed)          0.587     1.499    U_BLINK/sys_clk
    SLICE_X43Y57         FDRE                                         r  U_BLINK/counter_reg[27]/C
  -------------------------------------------------------------------    -------------------
    SLICE_X43Y57         FDRE (Prop_fdre_C_Q)         0.141     1.640 r  U_BLINK/counter_reg[27]/Q
                         net (fo=2, routed)           0.120     1.761    U_BLINK/counter_reg[27]
    SLICE_X43Y57         CARRY4 (Prop_carry4_S[3]_O[3])
                                                      0.108     1.869 r  U_BLINK/counter_reg[24]_i_1/O[3]
                         net (fo=1, routed)           0.000     1.869    U_BLINK/counter_reg[24]_i_1_n_4
    SLICE_X43Y57         FDRE                                         r  U_BLINK/counter_reg[27]/D
  -------------------------------------------------------------------    -------------------

                         (clock sys_clk_pin rise edge)
                                                      0.000     0.000 r  
    K17                                               0.000     0.000 r  sys_clk (IN)
                         net (fo=0)                   0.000     0.000    sys_clk
    K17                  IBUF (Prop_ibuf_I_O)         0.447     0.447 r  sys_clk_IBUF_inst/O
                         net (fo=1, routed)           0.683     1.130    sys_clk_IBUF
    BUFGCTRL_X0Y16       BUFG (Prop_bufg_I_O)         0.029     1.159 r  sys_clk_IBUF_BUFG_inst/O
                         net (fo=33, routed)          0.857     2.016    U_BLINK/sys_clk
    SLICE_X43Y57         FDRE                                         r  U_BLINK/counter_reg[27]/C
                         clock pessimism             -0.517     1.499    
    SLICE_X43Y57         FDRE (Hold_fdre_C_D)         0.105     1.604    U_BLINK/counter_reg[27]
  -------------------------------------------------------------------
                         required time                         -1.604    
                         arrival time                           1.869    
  -------------------------------------------------------------------
                         slack                                  0.264    

Slack (MET) :             0.264ns  (arrival time - required time)
  Source:                 U_BLINK/counter_reg[3]/C
                            (rising edge-triggered cell FDRE clocked by sys_clk_pin  {rise@0.000ns fall@4.000ns period=8.000ns})
  Destination:            U_BLINK/counter_reg[3]/D
                            (rising edge-triggered cell FDRE clocked by sys_clk_pin  {rise@0.000ns fall@4.000ns period=8.000ns})
  Path Group:             sys_clk_pin
  Path Type:              Hold (Min at Fast Process Corner)
  Requirement:            0.000ns  (sys_clk_pin rise@0.000ns - sys_clk_pin rise@0.000ns)
  Data Path Delay:        0.369ns  (logic 0.249ns (67.412%)  route 0.120ns (32.588%))
  Logic Levels:           1  (CARRY4=1)
  Clock Path Skew:        0.000ns (DCD - SCD - CPR)
    Destination Clock Delay (DCD):    2.018ns
    Source Clock Delay      (SCD):    1.501ns
    Clock Pessimism Removal (CPR):    0.517ns

    Location             Delay type                Incr(ns)  Path(ns)    Netlist Resource(s)
  -------------------------------------------------------------------    -------------------
                         (clock sys_clk_pin rise edge)
                                                      0.000     0.000 r  
    K17                                               0.000     0.000 r  sys_clk (IN)
                         net (fo=0)                   0.000     0.000    sys_clk
    K17                  IBUF (Prop_ibuf_I_O)         0.259     0.259 r  sys_clk_IBUF_inst/O
                         net (fo=1, routed)           0.627     0.887    sys_clk_IBUF
    BUFGCTRL_X0Y16       BUFG (Prop_bufg_I_O)         0.026     0.913 r  sys_clk_IBUF_BUFG_inst/O
                         net (fo=33, routed)          0.589     1.501    U_BLINK/sys_clk
    SLICE_X43Y51         FDRE                                         r  U_BLINK/counter_reg[3]/C
  -------------------------------------------------------------------    -------------------
    SLICE_X43Y51         FDRE (Prop_fdre_C_Q)         0.141     1.642 r  U_BLINK/counter_reg[3]/Q
                         net (fo=2, routed)           0.120     1.763    U_BLINK/counter_reg[3]
    SLICE_X43Y51         CARRY4 (Prop_carry4_S[3]_O[3])
                                                      0.108     1.871 r  U_BLINK/counter_reg[0]_i_2/O[3]
                         net (fo=1, routed)           0.000     1.871    U_BLINK/counter_reg[0]_i_2_n_4
    SLICE_X43Y51         FDRE                                         r  U_BLINK/counter_reg[3]/D
  -------------------------------------------------------------------    -------------------

                         (clock sys_clk_pin rise edge)
                                                      0.000     0.000 r  
    K17                                               0.000     0.000 r  sys_clk (IN)
                         net (fo=0)                   0.000     0.000    sys_clk
    K17                  IBUF (Prop_ibuf_I_O)         0.447     0.447 r  sys_clk_IBUF_inst/O
                         net (fo=1, routed)           0.683     1.130    sys_clk_IBUF
    BUFGCTRL_X0Y16       BUFG (Prop_bufg_I_O)         0.029     1.159 r  sys_clk_IBUF_BUFG_inst/O
                         net (fo=33, routed)          0.859     2.018    U_BLINK/sys_clk
    SLICE_X43Y51         FDRE                                         r  U_BLINK/counter_reg[3]/C
                         clock pessimism             -0.517     1.501    
    SLICE_X43Y51         FDRE (Hold_fdre_C_D)         0.105     1.606    U_BLINK/counter_reg[3]
  -------------------------------------------------------------------
                         required time                         -1.606    
                         arrival time                           1.871    
  -------------------------------------------------------------------
                         slack                                  0.264    

Slack (MET) :             0.266ns  (arrival time - required time)
  Source:                 U_BLINK/counter_reg[4]/C
                            (rising edge-triggered cell FDRE clocked by sys_clk_pin  {rise@0.000ns fall@4.000ns period=8.000ns})
  Destination:            U_BLINK/counter_reg[4]/D
                            (rising edge-triggered cell FDRE clocked by sys_clk_pin  {rise@0.000ns fall@4.000ns period=8.000ns})
  Path Group:             sys_clk_pin
  Path Type:              Hold (Min at Fast Process Corner)
  Requirement:            0.000ns  (sys_clk_pin rise@0.000ns - sys_clk_pin rise@0.000ns)
  Data Path Delay:        0.371ns  (logic 0.256ns (68.994%)  route 0.115ns (31.006%))
  Logic Levels:           1  (CARRY4=1)
  Clock Path Skew:        0.000ns (DCD - SCD - CPR)
    Destination Clock Delay (DCD):    2.018ns
    Source Clock Delay      (SCD):    1.501ns
    Clock Pessimism Removal (CPR):    0.517ns

    Location             Delay type                Incr(ns)  Path(ns)    Netlist Resource(s)
  -------------------------------------------------------------------    -------------------
                         (clock sys_clk_pin rise edge)
                                                      0.000     0.000 r  
    K17                                               0.000     0.000 r  sys_clk (IN)
                         net (fo=0)                   0.000     0.000    sys_clk
    K17                  IBUF (Prop_ibuf_I_O)         0.259     0.259 r  sys_clk_IBUF_inst/O
                         net (fo=1, routed)           0.627     0.887    sys_clk_IBUF
    BUFGCTRL_X0Y16       BUFG (Prop_bufg_I_O)         0.026     0.913 r  sys_clk_IBUF_BUFG_inst/O
                         net (fo=33, routed)          0.589     1.501    U_BLINK/sys_clk
    SLICE_X43Y52         FDRE                                         r  U_BLINK/counter_reg[4]/C
  -------------------------------------------------------------------    -------------------
    SLICE_X43Y52         FDRE (Prop_fdre_C_Q)         0.141     1.642 r  U_BLINK/counter_reg[4]/Q
                         net (fo=2, routed)           0.115     1.757    U_BLINK/counter_reg[4]
    SLICE_X43Y52         CARRY4 (Prop_carry4_S[0]_O[0])
                                                      0.115     1.872 r  U_BLINK/counter_reg[4]_i_1/O[0]
                         net (fo=1, routed)           0.000     1.872    U_BLINK/counter_reg[4]_i_1_n_7
    SLICE_X43Y52         FDRE                                         r  U_BLINK/counter_reg[4]/D
  -------------------------------------------------------------------    -------------------

                         (clock sys_clk_pin rise edge)
                                                      0.000     0.000 r  
    K17                                               0.000     0.000 r  sys_clk (IN)
                         net (fo=0)                   0.000     0.000    sys_clk
    K17                  IBUF (Prop_ibuf_I_O)         0.447     0.447 r  sys_clk_IBUF_inst/O
                         net (fo=1, routed)           0.683     1.130    sys_clk_IBUF
    BUFGCTRL_X0Y16       BUFG (Prop_bufg_I_O)         0.029     1.159 r  sys_clk_IBUF_BUFG_inst/O
                         net (fo=33, routed)          0.859     2.018    U_BLINK/sys_clk
    SLICE_X43Y52         FDRE                                         r  U_BLINK/counter_reg[4]/C
                         clock pessimism             -0.517     1.501    
    SLICE_X43Y52         FDRE (Hold_fdre_C_D)         0.105     1.606    U_BLINK/counter_reg[4]
  -------------------------------------------------------------------
                         required time                         -1.606    
                         arrival time                           1.872    
  -------------------------------------------------------------------
                         slack                                  0.266    

Slack (MET) :             0.266ns  (arrival time - required time)
  Source:                 U_BLINK/counter_reg[8]/C
                            (rising edge-triggered cell FDRE clocked by sys_clk_pin  {rise@0.000ns fall@4.000ns period=8.000ns})
  Destination:            U_BLINK/counter_reg[8]/D
                            (rising edge-triggered cell FDRE clocked by sys_clk_pin  {rise@0.000ns fall@4.000ns period=8.000ns})
  Path Group:             sys_clk_pin
  Path Type:              Hold (Min at Fast Process Corner)
  Requirement:            0.000ns  (sys_clk_pin rise@0.000ns - sys_clk_pin rise@0.000ns)
  Data Path Delay:        0.371ns  (logic 0.256ns (68.994%)  route 0.115ns (31.006%))
  Logic Levels:           1  (CARRY4=1)
  Clock Path Skew:        0.000ns (DCD - SCD - CPR)
    Destination Clock Delay (DCD):    2.017ns
    Source Clock Delay      (SCD):    1.500ns
    Clock Pessimism Removal (CPR):    0.517ns

    Location             Delay type                Incr(ns)  Path(ns)    Netlist Resource(s)
  -------------------------------------------------------------------    -------------------
                         (clock sys_clk_pin rise edge)
                                                      0.000     0.000 r  
    K17                                               0.000     0.000 r  sys_clk (IN)
                         net (fo=0)                   0.000     0.000    sys_clk
    K17                  IBUF (Prop_ibuf_I_O)         0.259     0.259 r  sys_clk_IBUF_inst/O
                         net (fo=1, routed)           0.627     0.887    sys_clk_IBUF
    BUFGCTRL_X0Y16       BUFG (Prop_bufg_I_O)         0.026     0.913 r  sys_clk_IBUF_BUFG_inst/O
                         net (fo=33, routed)          0.588     1.500    U_BLINK/sys_clk
    SLICE_X43Y53         FDRE                                         r  U_BLINK/counter_reg[8]/C
  -------------------------------------------------------------------    -------------------
    SLICE_X43Y53         FDRE (Prop_fdre_C_Q)         0.141     1.641 r  U_BLINK/counter_reg[8]/Q
                         net (fo=2, routed)           0.115     1.756    U_BLINK/counter_reg[8]
    SLICE_X43Y53         CARRY4 (Prop_carry4_S[0]_O[0])
                                                      0.115     1.871 r  U_BLINK/counter_reg[8]_i_1/O[0]
                         net (fo=1, routed)           0.000     1.871    U_BLINK/counter_reg[8]_i_1_n_7
    SLICE_X43Y53         FDRE                                         r  U_BLINK/counter_reg[8]/D
  -------------------------------------------------------------------    -------------------

                         (clock sys_clk_pin rise edge)
                                                      0.000     0.000 r  
    K17                                               0.000     0.000 r  sys_clk (IN)
                         net (fo=0)                   0.000     0.000    sys_clk
    K17                  IBUF (Prop_ibuf_I_O)         0.447     0.447 r  sys_clk_IBUF_inst/O
                         net (fo=1, routed)           0.683     1.130    sys_clk_IBUF
    BUFGCTRL_X0Y16       BUFG (Prop_bufg_I_O)         0.029     1.159 r  sys_clk_IBUF_BUFG_inst/O
                         net (fo=33, routed)          0.858     2.017    U_BLINK/sys_clk
    SLICE_X43Y53         FDRE                                         r  U_BLINK/counter_reg[8]/C
                         clock pessimism             -0.517     1.500    
    SLICE_X43Y53         FDRE (Hold_fdre_C_D)         0.105     1.605    U_BLINK/counter_reg[8]
  -------------------------------------------------------------------
                         required time                         -1.605    
                         arrival time                           1.871    
  -------------------------------------------------------------------
                         slack                                  0.266    





Pulse Width Checks
--------------------------------------------------------------------------------------
Clock Name:         sys_clk_pin
Waveform(ns):       { 0.000 4.000 }
Period(ns):         8.000
Sources:            { sys_clk }

Check Type        Corner  Lib Pin  Reference Pin  Required(ns)  Actual(ns)  Slack(ns)  Location        Pin
Min Period        n/a     BUFG/I   n/a            2.155         8.000       5.845      BUFGCTRL_X0Y16  sys_clk_IBUF_BUFG_inst/I
Min Period        n/a     FDRE/C   n/a            1.000         8.000       7.000      SLICE_X43Y51    U_BLINK/counter_reg[0]/C
Min Period        n/a     FDRE/C   n/a            1.000         8.000       7.000      SLICE_X43Y53    U_BLINK/counter_reg[10]/C
Min Period        n/a     FDRE/C   n/a            1.000         8.000       7.000      SLICE_X43Y53    U_BLINK/counter_reg[11]/C
Min Period        n/a     FDRE/C   n/a            1.000         8.000       7.000      SLICE_X43Y54    U_BLINK/counter_reg[12]/C
Min Period        n/a     FDRE/C   n/a            1.000         8.000       7.000      SLICE_X43Y54    U_BLINK/counter_reg[13]/C
Min Period        n/a     FDRE/C   n/a            1.000         8.000       7.000      SLICE_X43Y54    U_BLINK/counter_reg[14]/C
Min Period        n/a     FDRE/C   n/a            1.000         8.000       7.000      SLICE_X43Y54    U_BLINK/counter_reg[15]/C
Min Period        n/a     FDRE/C   n/a            1.000         8.000       7.000      SLICE_X43Y55    U_BLINK/counter_reg[16]/C
Min Period        n/a     FDRE/C   n/a            1.000         8.000       7.000      SLICE_X43Y55    U_BLINK/counter_reg[17]/C
Low Pulse Width   Slow    FDRE/C   n/a            0.500         4.000       3.500      SLICE_X43Y51    U_BLINK/counter_reg[0]/C
Low Pulse Width   Fast    FDRE/C   n/a            0.500         4.000       3.500      SLICE_X43Y51    U_BLINK/counter_reg[0]/C
Low Pulse Width   Slow    FDRE/C   n/a            0.500         4.000       3.500      SLICE_X43Y53    U_BLINK/counter_reg[10]/C
Low Pulse Width   Fast    FDRE/C   n/a            0.500         4.000       3.500      SLICE_X43Y53    U_BLINK/counter_reg[10]/C
Low Pulse Width   Slow    FDRE/C   n/a            0.500         4.000       3.500      SLICE_X43Y53    U_BLINK/counter_reg[11]/C
Low Pulse Width   Fast    FDRE/C   n/a            0.500         4.000       3.500      SLICE_X43Y53    U_BLINK/counter_reg[11]/C
Low Pulse Width   Slow    FDRE/C   n/a            0.500         4.000       3.500      SLICE_X43Y54    U_BLINK/counter_reg[12]/C
Low Pulse Width   Fast    FDRE/C   n/a            0.500         4.000       3.500      SLICE_X43Y54    U_BLINK/counter_reg[12]/C
Low Pulse Width   Slow    FDRE/C   n/a            0.500         4.000       3.500      SLICE_X43Y54    U_BLINK/counter_reg[13]/C
Low Pulse Width   Fast    FDRE/C   n/a            0.500         4.000       3.500      SLICE_X43Y54    U_BLINK/counter_reg[13]/C
High Pulse Width  Slow    FDRE/C   n/a            0.500         4.000       3.500      SLICE_X43Y51    U_BLINK/counter_reg[0]/C
High Pulse Width  Fast    FDRE/C   n/a            0.500         4.000       3.500      SLICE_X43Y51    U_BLINK/counter_reg[0]/C
High Pulse Width  Slow    FDRE/C   n/a            0.500         4.000       3.500      SLICE_X43Y53    U_BLINK/counter_reg[10]/C
High Pulse Width  Fast    FDRE/C   n/a            0.500         4.000       3.500      SLICE_X43Y53    U_BLINK/counter_reg[10]/C
High Pulse Width  Slow    FDRE/C   n/a            0.500         4.000       3.500      SLICE_X43Y53    U_BLINK/counter_reg[11]/C
High Pulse Width  Fast    FDRE/C   n/a            0.500         4.000       3.500      SLICE_X43Y53    U_BLINK/counter_reg[11]/C
High Pulse Width  Slow    FDRE/C   n/a            0.500         4.000       3.500      SLICE_X43Y54    U_BLINK/counter_reg[12]/C
High Pulse Width  Fast    FDRE/C   n/a            0.500         4.000       3.500      SLICE_X43Y54    U_BLINK/counter_reg[12]/C
High Pulse Width  Slow    FDRE/C   n/a            0.500         4.000       3.500      SLICE_X43Y54    U_BLINK/counter_reg[13]/C
High Pulse Width  Fast    FDRE/C   n/a            0.500         4.000       3.500      SLICE_X43Y54    U_BLINK/counter_reg[13]/C



--------------------------------------------------------------------------------------
Path Group:  (none)
From Clock:  
  To Clock:  

Max Delay             3 Endpoints
Min Delay             3 Endpoints
--------------------------------------------------------------------------------------


Max Delay Paths
--------------------------------------------------------------------------------------
Slack:                    inf
  Source:                 sw[1]
                            (input port)
  Destination:            rgb_out[0]
                            (output port)
  Path Group:             (none)
  Path Type:              Max at Slow Process Corner
  Data Path Delay:        10.544ns  (logic 5.101ns (48.375%)  route 5.443ns (51.625%))
  Logic Levels:           3  (IBUF=1 LUT4=1 OBUF=1)

    Location             Delay type                Incr(ns)  Path(ns)    Netlist Resource(s)
  -------------------------------------------------------------------    -------------------
    P15                                               0.000     0.000 f  sw[1] (IN)
                         net (fo=0)                   0.000     0.000    sw[1]
    P15                  IBUF (Prop_ibuf_I_O)         1.451     1.451 f  sw_IBUF[1]_inst/O
                         net (fo=4, routed)           2.329     3.780    U_BLINK/sw_IBUF[1]
    SLICE_X42Y55         LUT4 (Prop_lut4_I2_O)        0.124     3.904 r  U_BLINK/rgb_out_OBUF[0]_inst_i_1/O
                         net (fo=1, routed)           3.114     7.018    rgb_out_OBUF[0]
    V16                  OBUF (Prop_obuf_I_O)         3.526    10.544 r  rgb_out_OBUF[0]_inst/O
                         net (fo=0)                   0.000    10.544    rgb_out[0]
    V16                                                               r  rgb_out[0] (OUT)
  -------------------------------------------------------------------    -------------------

Slack:                    inf
  Source:                 sw[1]
                            (input port)
  Destination:            rgb_out[2]
                            (output port)
  Path Group:             (none)
  Path Type:              Max at Slow Process Corner
  Data Path Delay:        10.279ns  (logic 5.400ns (52.536%)  route 4.879ns (47.464%))
  Logic Levels:           3  (IBUF=1 LUT4=1 OBUF=1)

    Location             Delay type                Incr(ns)  Path(ns)    Netlist Resource(s)
  -------------------------------------------------------------------    -------------------
    P15                                               0.000     0.000 f  sw[1] (IN)
                         net (fo=0)                   0.000     0.000    sw[1]
    P15                  IBUF (Prop_ibuf_I_O)         1.451     1.451 f  sw_IBUF[1]_inst/O
                         net (fo=4, routed)           2.329     3.780    U_BLINK/sw_IBUF[1]
    SLICE_X42Y55         LUT4 (Prop_lut4_I3_O)        0.150     3.930 r  U_BLINK/rgb_out_OBUF[2]_inst_i_1/O
                         net (fo=1, routed)           2.550     6.480    rgb_out_OBUF[2]
    M17                  OBUF (Prop_obuf_I_O)         3.800    10.279 r  rgb_out_OBUF[2]_inst/O
                         net (fo=0)                   0.000    10.279    rgb_out[2]
    M17                                                               r  rgb_out[2] (OUT)
  -------------------------------------------------------------------    -------------------

Slack:                    inf
  Source:                 sw[1]
                            (input port)
  Destination:            rgb_out[1]
                            (output port)
  Path Group:             (none)
  Path Type:              Max at Slow Process Corner
  Data Path Delay:        10.088ns  (logic 5.086ns (50.414%)  route 5.002ns (49.586%))
  Logic Levels:           3  (IBUF=1 LUT4=1 OBUF=1)

    Location             Delay type                Incr(ns)  Path(ns)    Netlist Resource(s)
  -------------------------------------------------------------------    -------------------
    P15                                               0.000     0.000 r  sw[1] (IN)
                         net (fo=0)                   0.000     0.000    sw[1]
    P15                  IBUF (Prop_ibuf_I_O)         1.451     1.451 r  sw_IBUF[1]_inst/O
                         net (fo=4, routed)           2.326     3.777    U_BLINK/sw_IBUF[1]
    SLICE_X42Y55         LUT4 (Prop_lut4_I2_O)        0.124     3.901 r  U_BLINK/rgb_out_OBUF[1]_inst_i_1/O
                         net (fo=1, routed)           2.676     6.577    rgb_out_OBUF[1]
    F17                  OBUF (Prop_obuf_I_O)         3.511    10.088 r  rgb_out_OBUF[1]_inst/O
                         net (fo=0)                   0.000    10.088    rgb_out[1]
    F17                                                               r  rgb_out[1] (OUT)
  -------------------------------------------------------------------    -------------------





Min Delay Paths
--------------------------------------------------------------------------------------
Slack:                    inf
  Source:                 sw[0]
                            (input port)
  Destination:            rgb_out[1]
                            (output port)
  Path Group:             (none)
  Path Type:              Min at Fast Process Corner
  Data Path Delay:        2.821ns  (logic 1.478ns (52.379%)  route 1.344ns (47.621%))
  Logic Levels:           3  (IBUF=1 LUT4=1 OBUF=1)

    Location             Delay type                Incr(ns)  Path(ns)    Netlist Resource(s)
  -------------------------------------------------------------------    -------------------
    G15                                               0.000     0.000 f  sw[0] (IN)
                         net (fo=0)                   0.000     0.000    sw[0]
    G15                  IBUF (Prop_ibuf_I_O)         0.220     0.220 f  sw_IBUF[0]_inst/O
                         net (fo=4, routed)           0.559     0.780    U_BLINK/sw_IBUF[0]
    SLICE_X42Y55         LUT4 (Prop_lut4_I3_O)        0.045     0.825 r  U_BLINK/rgb_out_OBUF[1]_inst_i_1/O
                         net (fo=1, routed)           0.784     1.609    rgb_out_OBUF[1]
    F17                  OBUF (Prop_obuf_I_O)         1.212     2.821 r  rgb_out_OBUF[1]_inst/O
                         net (fo=0)                   0.000     2.821    rgb_out[1]
    F17                                                               r  rgb_out[1] (OUT)
  -------------------------------------------------------------------    -------------------

Slack:                    inf
  Source:                 sw[0]
                            (input port)
  Destination:            rgb_out[2]
                            (output port)
  Path Group:             (none)
  Path Type:              Min at Fast Process Corner
  Data Path Delay:        2.919ns  (logic 1.626ns (55.728%)  route 1.292ns (44.272%))
  Logic Levels:           3  (IBUF=1 LUT4=1 OBUF=1)

    Location             Delay type                Incr(ns)  Path(ns)    Netlist Resource(s)
  -------------------------------------------------------------------    -------------------
    G15                                               0.000     0.000 f  sw[0] (IN)
                         net (fo=0)                   0.000     0.000    sw[0]
    G15                  IBUF (Prop_ibuf_I_O)         0.220     0.220 f  sw_IBUF[0]_inst/O
                         net (fo=4, routed)           0.561     0.782    U_BLINK/sw_IBUF[0]
    SLICE_X42Y55         LUT4 (Prop_lut4_I2_O)        0.044     0.826 r  U_BLINK/rgb_out_OBUF[2]_inst_i_1/O
                         net (fo=1, routed)           0.731     1.557    rgb_out_OBUF[2]
    M17                  OBUF (Prop_obuf_I_O)         1.362     2.919 r  rgb_out_OBUF[2]_inst/O
                         net (fo=0)                   0.000     2.919    rgb_out[2]
    M17                                                               r  rgb_out[2] (OUT)
  -------------------------------------------------------------------    -------------------

Slack:                    inf
  Source:                 sw[0]
                            (input port)
  Destination:            rgb_out[0]
                            (output port)
  Path Group:             (none)
  Path Type:              Min at Fast Process Corner
  Data Path Delay:        3.009ns  (logic 1.492ns (49.600%)  route 1.516ns (50.400%))
  Logic Levels:           3  (IBUF=1 LUT4=1 OBUF=1)

    Location             Delay type                Incr(ns)  Path(ns)    Netlist Resource(s)
  -------------------------------------------------------------------    -------------------
    G15                                               0.000     0.000 r  sw[0] (IN)
                         net (fo=0)                   0.000     0.000    sw[0]
    G15                  IBUF (Prop_ibuf_I_O)         0.220     0.220 r  sw_IBUF[0]_inst/O
                         net (fo=4, routed)           0.561     0.782    U_BLINK/sw_IBUF[0]
    SLICE_X42Y55         LUT4 (Prop_lut4_I1_O)        0.045     0.827 r  U_BLINK/rgb_out_OBUF[0]_inst_i_1/O
                         net (fo=1, routed)           0.955     1.782    rgb_out_OBUF[0]
    V16                  OBUF (Prop_obuf_I_O)         1.227     3.009 r  rgb_out_OBUF[0]_inst/O
                         net (fo=0)                   0.000     3.009    rgb_out[0]
    V16                                                               r  rgb_out[0] (OUT)
  -------------------------------------------------------------------    -------------------





--------------------------------------------------------------------------------------
Path Group:  (none)
From Clock:  sys_clk_pin
  To Clock:  

Max Delay             3 Endpoints
Min Delay             3 Endpoints
--------------------------------------------------------------------------------------


Max Delay Paths
--------------------------------------------------------------------------------------
Slack:                    inf
  Source:                 U_BLINK/led_out_i_reg/C
                            (rising edge-triggered cell FDRE clocked by sys_clk_pin  {rise@0.000ns fall@4.000ns period=8.000ns})
  Destination:            rgb_out[0]
                            (output port)
  Path Group:             (none)
  Path Type:              Max at Slow Process Corner
  Data Path Delay:        7.966ns  (logic 4.168ns (52.322%)  route 3.798ns (47.678%))
  Logic Levels:           2  (LUT4=1 OBUF=1)
  Clock Uncertainty:      0.025ns  ((TSJ^2 + TIJ^2)^1/2 + DJ) / 2 + PE
    Total System Jitter     (TSJ):    0.050ns
    Total Input Jitter      (TIJ):    0.000ns
    Discrete Jitter          (DJ):    0.000ns
    Phase Error              (PE):    0.000ns

    Location             Delay type                Incr(ns)  Path(ns)    Netlist Resource(s)
  -------------------------------------------------------------------    -------------------
                         (clock sys_clk_pin rise edge)
                                                      0.000     0.000 r  
    K17                                               0.000     0.000 r  sys_clk (IN)
                         net (fo=0)                   0.000     0.000    sys_clk
    K17                  IBUF (Prop_ibuf_I_O)         1.492     1.492 r  sys_clk_IBUF_inst/O
                         net (fo=1, routed)           2.076     3.568    sys_clk_IBUF
    BUFGCTRL_X0Y16       BUFG (Prop_bufg_I_O)         0.101     3.669 r  sys_clk_IBUF_BUFG_inst/O
                         net (fo=33, routed)          1.740     5.409    U_BLINK/sys_clk
    SLICE_X42Y53         FDRE                                         r  U_BLINK/led_out_i_reg/C
  -------------------------------------------------------------------    -------------------
    SLICE_X42Y53         FDRE (Prop_fdre_C_Q)         0.518     5.927 r  U_BLINK/led_out_i_reg/Q
                         net (fo=4, routed)           0.684     6.611    U_BLINK/blink_pulse
    SLICE_X42Y55         LUT4 (Prop_lut4_I0_O)        0.124     6.735 r  U_BLINK/rgb_out_OBUF[0]_inst_i_1/O
                         net (fo=1, routed)           3.114     9.849    rgb_out_OBUF[0]
    V16                  OBUF (Prop_obuf_I_O)         3.526    13.375 r  rgb_out_OBUF[0]_inst/O
                         net (fo=0)                   0.000    13.375    rgb_out[0]
    V16                                                               r  rgb_out[0] (OUT)
  -------------------------------------------------------------------    -------------------

Slack:                    inf
  Source:                 U_BLINK/led_out_i_reg/C
                            (rising edge-triggered cell FDRE clocked by sys_clk_pin  {rise@0.000ns fall@4.000ns period=8.000ns})
  Destination:            rgb_out[2]
                            (output port)
  Path Group:             (none)
  Path Type:              Max at Slow Process Corner
  Data Path Delay:        7.699ns  (logic 4.466ns (58.001%)  route 3.234ns (41.999%))
  Logic Levels:           2  (LUT4=1 OBUF=1)
  Clock Uncertainty:      0.025ns  ((TSJ^2 + TIJ^2)^1/2 + DJ) / 2 + PE
    Total System Jitter     (TSJ):    0.050ns
    Total Input Jitter      (TIJ):    0.000ns
    Discrete Jitter          (DJ):    0.000ns
    Phase Error              (PE):    0.000ns

    Location             Delay type                Incr(ns)  Path(ns)    Netlist Resource(s)
  -------------------------------------------------------------------    -------------------
                         (clock sys_clk_pin rise edge)
                                                      0.000     0.000 r  
    K17                                               0.000     0.000 r  sys_clk (IN)
                         net (fo=0)                   0.000     0.000    sys_clk
    K17                  IBUF (Prop_ibuf_I_O)         1.492     1.492 r  sys_clk_IBUF_inst/O
                         net (fo=1, routed)           2.076     3.568    sys_clk_IBUF
    BUFGCTRL_X0Y16       BUFG (Prop_bufg_I_O)         0.101     3.669 r  sys_clk_IBUF_BUFG_inst/O
                         net (fo=33, routed)          1.740     5.409    U_BLINK/sys_clk
    SLICE_X42Y53         FDRE                                         r  U_BLINK/led_out_i_reg/C
  -------------------------------------------------------------------    -------------------
    SLICE_X42Y53         FDRE (Prop_fdre_C_Q)         0.518     5.927 r  U_BLINK/led_out_i_reg/Q
                         net (fo=4, routed)           0.684     6.611    U_BLINK/blink_pulse
    SLICE_X42Y55         LUT4 (Prop_lut4_I0_O)        0.148     6.759 r  U_BLINK/rgb_out_OBUF[2]_inst_i_1/O
                         net (fo=1, routed)           2.550     9.308    rgb_out_OBUF[2]
    M17                  OBUF (Prop_obuf_I_O)         3.800    13.108 r  rgb_out_OBUF[2]_inst/O
                         net (fo=0)                   0.000    13.108    rgb_out[2]
    M17                                                               r  rgb_out[2] (OUT)
  -------------------------------------------------------------------    -------------------

Slack:                    inf
  Source:                 U_BLINK/led_out_i_reg/C
                            (rising edge-triggered cell FDRE clocked by sys_clk_pin  {rise@0.000ns fall@4.000ns period=8.000ns})
  Destination:            rgb_out[1]
                            (output port)
  Path Group:             (none)
  Path Type:              Max at Slow Process Corner
  Data Path Delay:        7.511ns  (logic 4.153ns (55.293%)  route 3.358ns (44.707%))
  Logic Levels:           2  (LUT4=1 OBUF=1)
  Clock Uncertainty:      0.025ns  ((TSJ^2 + TIJ^2)^1/2 + DJ) / 2 + PE
    Total System Jitter     (TSJ):    0.050ns
    Total Input Jitter      (TIJ):    0.000ns
    Discrete Jitter          (DJ):    0.000ns
    Phase Error              (PE):    0.000ns

    Location             Delay type                Incr(ns)  Path(ns)    Netlist Resource(s)
  -------------------------------------------------------------------    -------------------
                         (clock sys_clk_pin rise edge)
                                                      0.000     0.000 r  
    K17                                               0.000     0.000 r  sys_clk (IN)
                         net (fo=0)                   0.000     0.000    sys_clk
    K17                  IBUF (Prop_ibuf_I_O)         1.492     1.492 r  sys_clk_IBUF_inst/O
                         net (fo=1, routed)           2.076     3.568    sys_clk_IBUF
    BUFGCTRL_X0Y16       BUFG (Prop_bufg_I_O)         0.101     3.669 r  sys_clk_IBUF_BUFG_inst/O
                         net (fo=33, routed)          1.740     5.409    U_BLINK/sys_clk
    SLICE_X42Y53         FDRE                                         r  U_BLINK/led_out_i_reg/C
  -------------------------------------------------------------------    -------------------
    SLICE_X42Y53         FDRE (Prop_fdre_C_Q)         0.518     5.927 r  U_BLINK/led_out_i_reg/Q
                         net (fo=4, routed)           0.682     6.609    U_BLINK/blink_pulse
    SLICE_X42Y55         LUT4 (Prop_lut4_I0_O)        0.124     6.733 r  U_BLINK/rgb_out_OBUF[1]_inst_i_1/O
                         net (fo=1, routed)           2.676     9.409    rgb_out_OBUF[1]
    F17                  OBUF (Prop_obuf_I_O)         3.511    12.920 r  rgb_out_OBUF[1]_inst/O
                         net (fo=0)                   0.000    12.920    rgb_out[1]
    F17                                                               r  rgb_out[1] (OUT)
  -------------------------------------------------------------------    -------------------





Min Delay Paths
--------------------------------------------------------------------------------------
Slack:                    inf
  Source:                 U_BLINK/led_out_i_reg/C
                            (rising edge-triggered cell FDRE clocked by sys_clk_pin  {rise@0.000ns fall@4.000ns period=8.000ns})
  Destination:            rgb_out[1]
                            (output port)
  Path Group:             (none)
  Path Type:              Min at Fast Process Corner
  Data Path Delay:        2.449ns  (logic 1.421ns (58.026%)  route 1.028ns (41.974%))
  Logic Levels:           2  (LUT4=1 OBUF=1)
  Clock Uncertainty:      0.025ns  ((TSJ^2 + TIJ^2)^1/2 + DJ) / 2 + PE
    Total System Jitter     (TSJ):    0.050ns
    Total Input Jitter      (TIJ):    0.000ns
    Discrete Jitter          (DJ):    0.000ns
    Phase Error              (PE):    0.000ns

    Location             Delay type                Incr(ns)  Path(ns)    Netlist Resource(s)
  -------------------------------------------------------------------    -------------------
                         (clock sys_clk_pin rise edge)
                                                      0.000     0.000 r  
    K17                                               0.000     0.000 r  sys_clk (IN)
                         net (fo=0)                   0.000     0.000    sys_clk
    K17                  IBUF (Prop_ibuf_I_O)         0.259     0.259 r  sys_clk_IBUF_inst/O
                         net (fo=1, routed)           0.627     0.887    sys_clk_IBUF
    BUFGCTRL_X0Y16       BUFG (Prop_bufg_I_O)         0.026     0.913 r  sys_clk_IBUF_BUFG_inst/O
                         net (fo=33, routed)          0.588     1.500    U_BLINK/sys_clk
    SLICE_X42Y53         FDRE                                         r  U_BLINK/led_out_i_reg/C
  -------------------------------------------------------------------    -------------------
    SLICE_X42Y53         FDRE (Prop_fdre_C_Q)         0.164     1.664 r  U_BLINK/led_out_i_reg/Q
                         net (fo=4, routed)           0.244     1.908    U_BLINK/blink_pulse
    SLICE_X42Y55         LUT4 (Prop_lut4_I0_O)        0.045     1.953 r  U_BLINK/rgb_out_OBUF[1]_inst_i_1/O
                         net (fo=1, routed)           0.784     2.737    rgb_out_OBUF[1]
    F17                  OBUF (Prop_obuf_I_O)         1.212     3.950 r  rgb_out_OBUF[1]_inst/O
                         net (fo=0)                   0.000     3.950    rgb_out[1]
    F17                                                               r  rgb_out[1] (OUT)
  -------------------------------------------------------------------    -------------------

Slack:                    inf
  Source:                 U_BLINK/led_out_i_reg/C
                            (rising edge-triggered cell FDRE clocked by sys_clk_pin  {rise@0.000ns fall@4.000ns period=8.000ns})
  Destination:            rgb_out[2]
                            (output port)
  Path Group:             (none)
  Path Type:              Min at Fast Process Corner
  Data Path Delay:        2.544ns  (logic 1.569ns (61.682%)  route 0.975ns (38.318%))
  Logic Levels:           2  (LUT4=1 OBUF=1)
  Clock Uncertainty:      0.025ns  ((TSJ^2 + TIJ^2)^1/2 + DJ) / 2 + PE
    Total System Jitter     (TSJ):    0.050ns
    Total Input Jitter      (TIJ):    0.000ns
    Discrete Jitter          (DJ):    0.000ns
    Phase Error              (PE):    0.000ns

    Location             Delay type                Incr(ns)  Path(ns)    Netlist Resource(s)
  -------------------------------------------------------------------    -------------------
                         (clock sys_clk_pin rise edge)
                                                      0.000     0.000 r  
    K17                                               0.000     0.000 r  sys_clk (IN)
                         net (fo=0)                   0.000     0.000    sys_clk
    K17                  IBUF (Prop_ibuf_I_O)         0.259     0.259 r  sys_clk_IBUF_inst/O
                         net (fo=1, routed)           0.627     0.887    sys_clk_IBUF
    BUFGCTRL_X0Y16       BUFG (Prop_bufg_I_O)         0.026     0.913 r  sys_clk_IBUF_BUFG_inst/O
                         net (fo=33, routed)          0.588     1.500    U_BLINK/sys_clk
    SLICE_X42Y53         FDRE                                         r  U_BLINK/led_out_i_reg/C
  -------------------------------------------------------------------    -------------------
    SLICE_X42Y53         FDRE (Prop_fdre_C_Q)         0.164     1.664 r  U_BLINK/led_out_i_reg/Q
                         net (fo=4, routed)           0.244     1.908    U_BLINK/blink_pulse
    SLICE_X42Y55         LUT4 (Prop_lut4_I0_O)        0.043     1.951 r  U_BLINK/rgb_out_OBUF[2]_inst_i_1/O
                         net (fo=1, routed)           0.731     2.682    rgb_out_OBUF[2]
    M17                  OBUF (Prop_obuf_I_O)         1.362     4.044 r  rgb_out_OBUF[2]_inst/O
                         net (fo=0)                   0.000     4.044    rgb_out[2]
    M17                                                               r  rgb_out[2] (OUT)
  -------------------------------------------------------------------    -------------------

Slack:                    inf
  Source:                 U_BLINK/led_out_i_reg/C
                            (rising edge-triggered cell FDRE clocked by sys_clk_pin  {rise@0.000ns fall@4.000ns period=8.000ns})
  Destination:            rgb_out[0]
                            (output port)
  Path Group:             (none)
  Path Type:              Min at Fast Process Corner
  Data Path Delay:        2.635ns  (logic 1.436ns (54.496%)  route 1.199ns (45.504%))
  Logic Levels:           2  (LUT4=1 OBUF=1)
  Clock Uncertainty:      0.025ns  ((TSJ^2 + TIJ^2)^1/2 + DJ) / 2 + PE
    Total System Jitter     (TSJ):    0.050ns
    Total Input Jitter      (TIJ):    0.000ns
    Discrete Jitter          (DJ):    0.000ns
    Phase Error              (PE):    0.000ns

    Location             Delay type                Incr(ns)  Path(ns)    Netlist Resource(s)
  -------------------------------------------------------------------    -------------------
                         (clock sys_clk_pin rise edge)
                                                      0.000     0.000 r  
    K17                                               0.000     0.000 r  sys_clk (IN)
                         net (fo=0)                   0.000     0.000    sys_clk
    K17                  IBUF (Prop_ibuf_I_O)         0.259     0.259 r  sys_clk_IBUF_inst/O
                         net (fo=1, routed)           0.627     0.887    sys_clk_IBUF
    BUFGCTRL_X0Y16       BUFG (Prop_bufg_I_O)         0.026     0.913 r  sys_clk_IBUF_BUFG_inst/O
                         net (fo=33, routed)          0.588     1.500    U_BLINK/sys_clk
    SLICE_X42Y53         FDRE                                         r  U_BLINK/led_out_i_reg/C
  -------------------------------------------------------------------    -------------------
    SLICE_X42Y53         FDRE (Prop_fdre_C_Q)         0.164     1.664 r  U_BLINK/led_out_i_reg/Q
                         net (fo=4, routed)           0.244     1.908    U_BLINK/blink_pulse
    SLICE_X42Y55         LUT4 (Prop_lut4_I0_O)        0.045     1.953 r  U_BLINK/rgb_out_OBUF[0]_inst_i_1/O
                         net (fo=1, routed)           0.955     2.908    rgb_out_OBUF[0]
    V16                  OBUF (Prop_obuf_I_O)         1.227     4.135 r  rgb_out_OBUF[0]_inst/O
                         net (fo=0)                   0.000     4.135    rgb_out[0]
    V16                                                               r  rgb_out[0] (OUT)
  -------------------------------------------------------------------    -------------------





--------------------------------------------------------------------------------------
Path Group:  (none)
From Clock:  
  To Clock:  sys_clk_pin

Max Delay            33 Endpoints
Min Delay            33 Endpoints
--------------------------------------------------------------------------------------


Max Delay Paths
--------------------------------------------------------------------------------------
Slack:                    inf
  Source:                 sw[1]
                            (input port)
  Destination:            U_BLINK/counter_reg[28]/R
                            (rising edge-triggered cell FDRE clocked by sys_clk_pin  {rise@0.000ns fall@4.000ns period=8.000ns})
  Path Group:             (none)
  Path Type:              Setup (Max at Slow Process Corner)
  Data Path Delay:        6.213ns  (logic 1.949ns (31.364%)  route 4.265ns (68.636%))
  Logic Levels:           3  (IBUF=1 LUT4=1 LUT5=1)
  Clock Path Skew:        4.954ns (DCD - SCD + CPR)
    Destination Clock Delay (DCD):    4.954ns
    Source Clock Delay      (SCD):    0.000ns
    Clock Pessimism Removal (CPR):    0.000ns
  Clock Uncertainty:      0.025ns  ((TSJ^2 + TIJ^2)^1/2 + DJ) / 2 + PE
    Total System Jitter     (TSJ):    0.050ns
    Total Input Jitter      (TIJ):    0.000ns
    Discrete Jitter          (DJ):    0.000ns
    Phase Error              (PE):    0.000ns

    Location             Delay type                Incr(ns)  Path(ns)    Netlist Resource(s)
  -------------------------------------------------------------------    -------------------
    P15                                               0.000     0.000 r  sw[1] (IN)
                         net (fo=0)                   0.000     0.000    sw[1]
    P15                  IBUF (Prop_ibuf_I_O)         1.451     1.451 r  sw_IBUF[1]_inst/O
                         net (fo=4, routed)           2.326     3.777    U_BLINK/sw_IBUF[1]
    SLICE_X42Y55         LUT4 (Prop_lut4_I3_O)        0.150     3.927 r  U_BLINK/counter[0]_i_3/O
                         net (fo=2, routed)           0.936     4.863    U_BLINK/counter[0]_i_3_n_0
    SLICE_X42Y53         LUT5 (Prop_lut5_I0_O)        0.348     5.211 r  U_BLINK/counter[0]_i_1/O
                         net (fo=32, routed)          1.003     6.213    U_BLINK/counter[0]_i_1_n_0
    SLICE_X43Y58         FDRE                                         r  U_BLINK/counter_reg[28]/R
  -------------------------------------------------------------------    -------------------

                         (clock sys_clk_pin rise edge)
                                                      0.000     0.000 r  
    K17                                               0.000     0.000 r  sys_clk (IN)
                         net (fo=0)                   0.000     0.000    sys_clk
    K17                  IBUF (Prop_ibuf_I_O)         1.421     1.421 r  sys_clk_IBUF_inst/O
                         net (fo=1, routed)           1.880     3.301    sys_clk_IBUF
    BUFGCTRL_X0Y16       BUFG (Prop_bufg_I_O)         0.091     3.392 r  sys_clk_IBUF_BUFG_inst/O
                         net (fo=33, routed)          1.562     4.954    U_BLINK/sys_clk
    SLICE_X43Y58         FDRE                                         r  U_BLINK/counter_reg[28]/C

Slack:                    inf
  Source:                 sw[1]
                            (input port)
  Destination:            U_BLINK/counter_reg[29]/R
                            (rising edge-triggered cell FDRE clocked by sys_clk_pin  {rise@0.000ns fall@4.000ns period=8.000ns})
  Path Group:             (none)
  Path Type:              Setup (Max at Slow Process Corner)
  Data Path Delay:        6.213ns  (logic 1.949ns (31.364%)  route 4.265ns (68.636%))
  Logic Levels:           3  (IBUF=1 LUT4=1 LUT5=1)
  Clock Path Skew:        4.954ns (DCD - SCD + CPR)
    Destination Clock Delay (DCD):    4.954ns
    Source Clock Delay      (SCD):    0.000ns
    Clock Pessimism Removal (CPR):    0.000ns
  Clock Uncertainty:      0.025ns  ((TSJ^2 + TIJ^2)^1/2 + DJ) / 2 + PE
    Total System Jitter     (TSJ):    0.050ns
    Total Input Jitter      (TIJ):    0.000ns
    Discrete Jitter          (DJ):    0.000ns
    Phase Error              (PE):    0.000ns

    Location             Delay type                Incr(ns)  Path(ns)    Netlist Resource(s)
  -------------------------------------------------------------------    -------------------
    P15                                               0.000     0.000 r  sw[1] (IN)
                         net (fo=0)                   0.000     0.000    sw[1]
    P15                  IBUF (Prop_ibuf_I_O)         1.451     1.451 r  sw_IBUF[1]_inst/O
                         net (fo=4, routed)           2.326     3.777    U_BLINK/sw_IBUF[1]
    SLICE_X42Y55         LUT4 (Prop_lut4_I3_O)        0.150     3.927 r  U_BLINK/counter[0]_i_3/O
                         net (fo=2, routed)           0.936     4.863    U_BLINK/counter[0]_i_3_n_0
    SLICE_X42Y53         LUT5 (Prop_lut5_I0_O)        0.348     5.211 r  U_BLINK/counter[0]_i_1/O
                         net (fo=32, routed)          1.003     6.213    U_BLINK/counter[0]_i_1_n_0
    SLICE_X43Y58         FDRE                                         r  U_BLINK/counter_reg[29]/R
  -------------------------------------------------------------------    -------------------

                         (clock sys_clk_pin rise edge)
                                                      0.000     0.000 r  
    K17                                               0.000     0.000 r  sys_clk (IN)
                         net (fo=0)                   0.000     0.000    sys_clk
    K17                  IBUF (Prop_ibuf_I_O)         1.421     1.421 r  sys_clk_IBUF_inst/O
                         net (fo=1, routed)           1.880     3.301    sys_clk_IBUF
    BUFGCTRL_X0Y16       BUFG (Prop_bufg_I_O)         0.091     3.392 r  sys_clk_IBUF_BUFG_inst/O
                         net (fo=33, routed)          1.562     4.954    U_BLINK/sys_clk
    SLICE_X43Y58         FDRE                                         r  U_BLINK/counter_reg[29]/C

Slack:                    inf
  Source:                 sw[1]
                            (input port)
  Destination:            U_BLINK/counter_reg[30]/R
                            (rising edge-triggered cell FDRE clocked by sys_clk_pin  {rise@0.000ns fall@4.000ns period=8.000ns})
  Path Group:             (none)
  Path Type:              Setup (Max at Slow Process Corner)
  Data Path Delay:        6.213ns  (logic 1.949ns (31.364%)  route 4.265ns (68.636%))
  Logic Levels:           3  (IBUF=1 LUT4=1 LUT5=1)
  Clock Path Skew:        4.954ns (DCD - SCD + CPR)
    Destination Clock Delay (DCD):    4.954ns
    Source Clock Delay      (SCD):    0.000ns
    Clock Pessimism Removal (CPR):    0.000ns
  Clock Uncertainty:      0.025ns  ((TSJ^2 + TIJ^2)^1/2 + DJ) / 2 + PE
    Total System Jitter     (TSJ):    0.050ns
    Total Input Jitter      (TIJ):    0.000ns
    Discrete Jitter          (DJ):    0.000ns
    Phase Error              (PE):    0.000ns

    Location             Delay type                Incr(ns)  Path(ns)    Netlist Resource(s)
  -------------------------------------------------------------------    -------------------
    P15                                               0.000     0.000 r  sw[1] (IN)
                         net (fo=0)                   0.000     0.000    sw[1]
    P15                  IBUF (Prop_ibuf_I_O)         1.451     1.451 r  sw_IBUF[1]_inst/O
                         net (fo=4, routed)           2.326     3.777    U_BLINK/sw_IBUF[1]
    SLICE_X42Y55         LUT4 (Prop_lut4_I3_O)        0.150     3.927 r  U_BLINK/counter[0]_i_3/O
                         net (fo=2, routed)           0.936     4.863    U_BLINK/counter[0]_i_3_n_0
    SLICE_X42Y53         LUT5 (Prop_lut5_I0_O)        0.348     5.211 r  U_BLINK/counter[0]_i_1/O
                         net (fo=32, routed)          1.003     6.213    U_BLINK/counter[0]_i_1_n_0
    SLICE_X43Y58         FDRE                                         r  U_BLINK/counter_reg[30]/R
  -------------------------------------------------------------------    -------------------

                         (clock sys_clk_pin rise edge)
                                                      0.000     0.000 r  
    K17                                               0.000     0.000 r  sys_clk (IN)
                         net (fo=0)                   0.000     0.000    sys_clk
    K17                  IBUF (Prop_ibuf_I_O)         1.421     1.421 r  sys_clk_IBUF_inst/O
                         net (fo=1, routed)           1.880     3.301    sys_clk_IBUF
    BUFGCTRL_X0Y16       BUFG (Prop_bufg_I_O)         0.091     3.392 r  sys_clk_IBUF_BUFG_inst/O
                         net (fo=33, routed)          1.562     4.954    U_BLINK/sys_clk
    SLICE_X43Y58         FDRE                                         r  U_BLINK/counter_reg[30]/C

Slack:                    inf
  Source:                 sw[1]
                            (input port)
  Destination:            U_BLINK/counter_reg[31]/R
                            (rising edge-triggered cell FDRE clocked by sys_clk_pin  {rise@0.000ns fall@4.000ns period=8.000ns})
  Path Group:             (none)
  Path Type:              Setup (Max at Slow Process Corner)
  Data Path Delay:        6.213ns  (logic 1.949ns (31.364%)  route 4.265ns (68.636%))
  Logic Levels:           3  (IBUF=1 LUT4=1 LUT5=1)
  Clock Path Skew:        4.954ns (DCD - SCD + CPR)
    Destination Clock Delay (DCD):    4.954ns
    Source Clock Delay      (SCD):    0.000ns
    Clock Pessimism Removal (CPR):    0.000ns
  Clock Uncertainty:      0.025ns  ((TSJ^2 + TIJ^2)^1/2 + DJ) / 2 + PE
    Total System Jitter     (TSJ):    0.050ns
    Total Input Jitter      (TIJ):    0.000ns
    Discrete Jitter          (DJ):    0.000ns
    Phase Error              (PE):    0.000ns

    Location             Delay type                Incr(ns)  Path(ns)    Netlist Resource(s)
  -------------------------------------------------------------------    -------------------
    P15                                               0.000     0.000 r  sw[1] (IN)
                         net (fo=0)                   0.000     0.000    sw[1]
    P15                  IBUF (Prop_ibuf_I_O)         1.451     1.451 r  sw_IBUF[1]_inst/O
                         net (fo=4, routed)           2.326     3.777    U_BLINK/sw_IBUF[1]
    SLICE_X42Y55         LUT4 (Prop_lut4_I3_O)        0.150     3.927 r  U_BLINK/counter[0]_i_3/O
                         net (fo=2, routed)           0.936     4.863    U_BLINK/counter[0]_i_3_n_0
    SLICE_X42Y53         LUT5 (Prop_lut5_I0_O)        0.348     5.211 r  U_BLINK/counter[0]_i_1/O
                         net (fo=32, routed)          1.003     6.213    U_BLINK/counter[0]_i_1_n_0
    SLICE_X43Y58         FDRE                                         r  U_BLINK/counter_reg[31]/R
  -------------------------------------------------------------------    -------------------

                         (clock sys_clk_pin rise edge)
                                                      0.000     0.000 r  
    K17                                               0.000     0.000 r  sys_clk (IN)
                         net (fo=0)                   0.000     0.000    sys_clk
    K17                  IBUF (Prop_ibuf_I_O)         1.421     1.421 r  sys_clk_IBUF_inst/O
                         net (fo=1, routed)           1.880     3.301    sys_clk_IBUF
    BUFGCTRL_X0Y16       BUFG (Prop_bufg_I_O)         0.091     3.392 r  sys_clk_IBUF_BUFG_inst/O
                         net (fo=33, routed)          1.562     4.954    U_BLINK/sys_clk
    SLICE_X43Y58         FDRE                                         r  U_BLINK/counter_reg[31]/C

Slack:                    inf
  Source:                 sw[1]
                            (input port)
  Destination:            U_BLINK/counter_reg[20]/R
                            (rising edge-triggered cell FDRE clocked by sys_clk_pin  {rise@0.000ns fall@4.000ns period=8.000ns})
  Path Group:             (none)
  Path Type:              Setup (Max at Slow Process Corner)
  Data Path Delay:        6.071ns  (logic 1.949ns (32.098%)  route 4.123ns (67.902%))
  Logic Levels:           3  (IBUF=1 LUT4=1 LUT5=1)
  Clock Path Skew:        4.955ns (DCD - SCD + CPR)
    Destination Clock Delay (DCD):    4.955ns
    Source Clock Delay      (SCD):    0.000ns
    Clock Pessimism Removal (CPR):    0.000ns
  Clock Uncertainty:      0.025ns  ((TSJ^2 + TIJ^2)^1/2 + DJ) / 2 + PE
    Total System Jitter     (TSJ):    0.050ns
    Total Input Jitter      (TIJ):    0.000ns
    Discrete Jitter          (DJ):    0.000ns
    Phase Error              (PE):    0.000ns

    Location             Delay type                Incr(ns)  Path(ns)    Netlist Resource(s)
  -------------------------------------------------------------------    -------------------
    P15                                               0.000     0.000 r  sw[1] (IN)
                         net (fo=0)                   0.000     0.000    sw[1]
    P15                  IBUF (Prop_ibuf_I_O)         1.451     1.451 r  sw_IBUF[1]_inst/O
                         net (fo=4, routed)           2.326     3.777    U_BLINK/sw_IBUF[1]
    SLICE_X42Y55         LUT4 (Prop_lut4_I3_O)        0.150     3.927 r  U_BLINK/counter[0]_i_3/O
                         net (fo=2, routed)           0.936     4.863    U_BLINK/counter[0]_i_3_n_0
    SLICE_X42Y53         LUT5 (Prop_lut5_I0_O)        0.348     5.211 r  U_BLINK/counter[0]_i_1/O
                         net (fo=32, routed)          0.861     6.071    U_BLINK/counter[0]_i_1_n_0
    SLICE_X43Y56         FDRE                                         r  U_BLINK/counter_reg[20]/R
  -------------------------------------------------------------------    -------------------

                         (clock sys_clk_pin rise edge)
                                                      0.000     0.000 r  
    K17                                               0.000     0.000 r  sys_clk (IN)
                         net (fo=0)                   0.000     0.000    sys_clk
    K17                  IBUF (Prop_ibuf_I_O)         1.421     1.421 r  sys_clk_IBUF_inst/O
                         net (fo=1, routed)           1.880     3.301    sys_clk_IBUF
    BUFGCTRL_X0Y16       BUFG (Prop_bufg_I_O)         0.091     3.392 r  sys_clk_IBUF_BUFG_inst/O
                         net (fo=33, routed)          1.563     4.955    U_BLINK/sys_clk
    SLICE_X43Y56         FDRE                                         r  U_BLINK/counter_reg[20]/C

Slack:                    inf
  Source:                 sw[1]
                            (input port)
  Destination:            U_BLINK/counter_reg[21]/R
                            (rising edge-triggered cell FDRE clocked by sys_clk_pin  {rise@0.000ns fall@4.000ns period=8.000ns})
  Path Group:             (none)
  Path Type:              Setup (Max at Slow Process Corner)
  Data Path Delay:        6.071ns  (logic 1.949ns (32.098%)  route 4.123ns (67.902%))
  Logic Levels:           3  (IBUF=1 LUT4=1 LUT5=1)
  Clock Path Skew:        4.955ns (DCD - SCD + CPR)
    Destination Clock Delay (DCD):    4.955ns
    Source Clock Delay      (SCD):    0.000ns
    Clock Pessimism Removal (CPR):    0.000ns
  Clock Uncertainty:      0.025ns  ((TSJ^2 + TIJ^2)^1/2 + DJ) / 2 + PE
    Total System Jitter     (TSJ):    0.050ns
    Total Input Jitter      (TIJ):    0.000ns
    Discrete Jitter          (DJ):    0.000ns
    Phase Error              (PE):    0.000ns

    Location             Delay type                Incr(ns)  Path(ns)    Netlist Resource(s)
  -------------------------------------------------------------------    -------------------
    P15                                               0.000     0.000 r  sw[1] (IN)
                         net (fo=0)                   0.000     0.000    sw[1]
    P15                  IBUF (Prop_ibuf_I_O)         1.451     1.451 r  sw_IBUF[1]_inst/O
                         net (fo=4, routed)           2.326     3.777    U_BLINK/sw_IBUF[1]
    SLICE_X42Y55         LUT4 (Prop_lut4_I3_O)        0.150     3.927 r  U_BLINK/counter[0]_i_3/O
                         net (fo=2, routed)           0.936     4.863    U_BLINK/counter[0]_i_3_n_0
    SLICE_X42Y53         LUT5 (Prop_lut5_I0_O)        0.348     5.211 r  U_BLINK/counter[0]_i_1/O
                         net (fo=32, routed)          0.861     6.071    U_BLINK/counter[0]_i_1_n_0
    SLICE_X43Y56         FDRE                                         r  U_BLINK/counter_reg[21]/R
  -------------------------------------------------------------------    -------------------

                         (clock sys_clk_pin rise edge)
                                                      0.000     0.000 r  
    K17                                               0.000     0.000 r  sys_clk (IN)
                         net (fo=0)                   0.000     0.000    sys_clk
    K17                  IBUF (Prop_ibuf_I_O)         1.421     1.421 r  sys_clk_IBUF_inst/O
                         net (fo=1, routed)           1.880     3.301    sys_clk_IBUF
    BUFGCTRL_X0Y16       BUFG (Prop_bufg_I_O)         0.091     3.392 r  sys_clk_IBUF_BUFG_inst/O
                         net (fo=33, routed)          1.563     4.955    U_BLINK/sys_clk
    SLICE_X43Y56         FDRE                                         r  U_BLINK/counter_reg[21]/C

Slack:                    inf
  Source:                 sw[1]
                            (input port)
  Destination:            U_BLINK/counter_reg[22]/R
                            (rising edge-triggered cell FDRE clocked by sys_clk_pin  {rise@0.000ns fall@4.000ns period=8.000ns})
  Path Group:             (none)
  Path Type:              Setup (Max at Slow Process Corner)
  Data Path Delay:        6.071ns  (logic 1.949ns (32.098%)  route 4.123ns (67.902%))
  Logic Levels:           3  (IBUF=1 LUT4=1 LUT5=1)
  Clock Path Skew:        4.955ns (DCD - SCD + CPR)
    Destination Clock Delay (DCD):    4.955ns
    Source Clock Delay      (SCD):    0.000ns
    Clock Pessimism Removal (CPR):    0.000ns
  Clock Uncertainty:      0.025ns  ((TSJ^2 + TIJ^2)^1/2 + DJ) / 2 + PE
    Total System Jitter     (TSJ):    0.050ns
    Total Input Jitter      (TIJ):    0.000ns
    Discrete Jitter          (DJ):    0.000ns
    Phase Error              (PE):    0.000ns

    Location             Delay type                Incr(ns)  Path(ns)    Netlist Resource(s)
  -------------------------------------------------------------------    -------------------
    P15                                               0.000     0.000 r  sw[1] (IN)
                         net (fo=0)                   0.000     0.000    sw[1]
    P15                  IBUF (Prop_ibuf_I_O)         1.451     1.451 r  sw_IBUF[1]_inst/O
                         net (fo=4, routed)           2.326     3.777    U_BLINK/sw_IBUF[1]
    SLICE_X42Y55         LUT4 (Prop_lut4_I3_O)        0.150     3.927 r  U_BLINK/counter[0]_i_3/O
                         net (fo=2, routed)           0.936     4.863    U_BLINK/counter[0]_i_3_n_0
    SLICE_X42Y53         LUT5 (Prop_lut5_I0_O)        0.348     5.211 r  U_BLINK/counter[0]_i_1/O
                         net (fo=32, routed)          0.861     6.071    U_BLINK/counter[0]_i_1_n_0
    SLICE_X43Y56         FDRE                                         r  U_BLINK/counter_reg[22]/R
  -------------------------------------------------------------------    -------------------

                         (clock sys_clk_pin rise edge)
                                                      0.000     0.000 r  
    K17                                               0.000     0.000 r  sys_clk (IN)
                         net (fo=0)                   0.000     0.000    sys_clk
    K17                  IBUF (Prop_ibuf_I_O)         1.421     1.421 r  sys_clk_IBUF_inst/O
                         net (fo=1, routed)           1.880     3.301    sys_clk_IBUF
    BUFGCTRL_X0Y16       BUFG (Prop_bufg_I_O)         0.091     3.392 r  sys_clk_IBUF_BUFG_inst/O
                         net (fo=33, routed)          1.563     4.955    U_BLINK/sys_clk
    SLICE_X43Y56         FDRE                                         r  U_BLINK/counter_reg[22]/C

Slack:                    inf
  Source:                 sw[1]
                            (input port)
  Destination:            U_BLINK/counter_reg[23]/R
                            (rising edge-triggered cell FDRE clocked by sys_clk_pin  {rise@0.000ns fall@4.000ns period=8.000ns})
  Path Group:             (none)
  Path Type:              Setup (Max at Slow Process Corner)
  Data Path Delay:        6.071ns  (logic 1.949ns (32.098%)  route 4.123ns (67.902%))
  Logic Levels:           3  (IBUF=1 LUT4=1 LUT5=1)
  Clock Path Skew:        4.955ns (DCD - SCD + CPR)
    Destination Clock Delay (DCD):    4.955ns
    Source Clock Delay      (SCD):    0.000ns
    Clock Pessimism Removal (CPR):    0.000ns
  Clock Uncertainty:      0.025ns  ((TSJ^2 + TIJ^2)^1/2 + DJ) / 2 + PE
    Total System Jitter     (TSJ):    0.050ns
    Total Input Jitter      (TIJ):    0.000ns
    Discrete Jitter          (DJ):    0.000ns
    Phase Error              (PE):    0.000ns

    Location             Delay type                Incr(ns)  Path(ns)    Netlist Resource(s)
  -------------------------------------------------------------------    -------------------
    P15                                               0.000     0.000 r  sw[1] (IN)
                         net (fo=0)                   0.000     0.000    sw[1]
    P15                  IBUF (Prop_ibuf_I_O)         1.451     1.451 r  sw_IBUF[1]_inst/O
                         net (fo=4, routed)           2.326     3.777    U_BLINK/sw_IBUF[1]
    SLICE_X42Y55         LUT4 (Prop_lut4_I3_O)        0.150     3.927 r  U_BLINK/counter[0]_i_3/O
                         net (fo=2, routed)           0.936     4.863    U_BLINK/counter[0]_i_3_n_0
    SLICE_X42Y53         LUT5 (Prop_lut5_I0_O)        0.348     5.211 r  U_BLINK/counter[0]_i_1/O
                         net (fo=32, routed)          0.861     6.071    U_BLINK/counter[0]_i_1_n_0
    SLICE_X43Y56         FDRE                                         r  U_BLINK/counter_reg[23]/R
  -------------------------------------------------------------------    -------------------

                         (clock sys_clk_pin rise edge)
                                                      0.000     0.000 r  
    K17                                               0.000     0.000 r  sys_clk (IN)
                         net (fo=0)                   0.000     0.000    sys_clk
    K17                  IBUF (Prop_ibuf_I_O)         1.421     1.421 r  sys_clk_IBUF_inst/O
                         net (fo=1, routed)           1.880     3.301    sys_clk_IBUF
    BUFGCTRL_X0Y16       BUFG (Prop_bufg_I_O)         0.091     3.392 r  sys_clk_IBUF_BUFG_inst/O
                         net (fo=33, routed)          1.563     4.955    U_BLINK/sys_clk
    SLICE_X43Y56         FDRE                                         r  U_BLINK/counter_reg[23]/C

Slack:                    inf
  Source:                 sw[1]
                            (input port)
  Destination:            U_BLINK/counter_reg[24]/R
                            (rising edge-triggered cell FDRE clocked by sys_clk_pin  {rise@0.000ns fall@4.000ns period=8.000ns})
  Path Group:             (none)
  Path Type:              Setup (Max at Slow Process Corner)
  Data Path Delay:        5.941ns  (logic 1.949ns (32.804%)  route 3.992ns (67.196%))
  Logic Levels:           3  (IBUF=1 LUT4=1 LUT5=1)
  Clock Path Skew:        4.954ns (DCD - SCD + CPR)
    Destination Clock Delay (DCD):    4.954ns
    Source Clock Delay      (SCD):    0.000ns
    Clock Pessimism Removal (CPR):    0.000ns
  Clock Uncertainty:      0.025ns  ((TSJ^2 + TIJ^2)^1/2 + DJ) / 2 + PE
    Total System Jitter     (TSJ):    0.050ns
    Total Input Jitter      (TIJ):    0.000ns
    Discrete Jitter          (DJ):    0.000ns
    Phase Error              (PE):    0.000ns

    Location             Delay type                Incr(ns)  Path(ns)    Netlist Resource(s)
  -------------------------------------------------------------------    -------------------
    P15                                               0.000     0.000 r  sw[1] (IN)
                         net (fo=0)                   0.000     0.000    sw[1]
    P15                  IBUF (Prop_ibuf_I_O)         1.451     1.451 r  sw_IBUF[1]_inst/O
                         net (fo=4, routed)           2.326     3.777    U_BLINK/sw_IBUF[1]
    SLICE_X42Y55         LUT4 (Prop_lut4_I3_O)        0.150     3.927 r  U_BLINK/counter[0]_i_3/O
                         net (fo=2, routed)           0.936     4.863    U_BLINK/counter[0]_i_3_n_0
    SLICE_X42Y53         LUT5 (Prop_lut5_I0_O)        0.348     5.211 r  U_BLINK/counter[0]_i_1/O
                         net (fo=32, routed)          0.730     5.941    U_BLINK/counter[0]_i_1_n_0
    SLICE_X43Y57         FDRE                                         r  U_BLINK/counter_reg[24]/R
  -------------------------------------------------------------------    -------------------

                         (clock sys_clk_pin rise edge)
                                                      0.000     0.000 r  
    K17                                               0.000     0.000 r  sys_clk (IN)
                         net (fo=0)                   0.000     0.000    sys_clk
    K17                  IBUF (Prop_ibuf_I_O)         1.421     1.421 r  sys_clk_IBUF_inst/O
                         net (fo=1, routed)           1.880     3.301    sys_clk_IBUF
    BUFGCTRL_X0Y16       BUFG (Prop_bufg_I_O)         0.091     3.392 r  sys_clk_IBUF_BUFG_inst/O
                         net (fo=33, routed)          1.562     4.954    U_BLINK/sys_clk
    SLICE_X43Y57         FDRE                                         r  U_BLINK/counter_reg[24]/C

Slack:                    inf
  Source:                 sw[1]
                            (input port)
  Destination:            U_BLINK/counter_reg[25]/R
                            (rising edge-triggered cell FDRE clocked by sys_clk_pin  {rise@0.000ns fall@4.000ns period=8.000ns})
  Path Group:             (none)
  Path Type:              Setup (Max at Slow Process Corner)
  Data Path Delay:        5.941ns  (logic 1.949ns (32.804%)  route 3.992ns (67.196%))
  Logic Levels:           3  (IBUF=1 LUT4=1 LUT5=1)
  Clock Path Skew:        4.954ns (DCD - SCD + CPR)
    Destination Clock Delay (DCD):    4.954ns
    Source Clock Delay      (SCD):    0.000ns
    Clock Pessimism Removal (CPR):    0.000ns
  Clock Uncertainty:      0.025ns  ((TSJ^2 + TIJ^2)^1/2 + DJ) / 2 + PE
    Total System Jitter     (TSJ):    0.050ns
    Total Input Jitter      (TIJ):    0.000ns
    Discrete Jitter          (DJ):    0.000ns
    Phase Error              (PE):    0.000ns

    Location             Delay type                Incr(ns)  Path(ns)    Netlist Resource(s)
  -------------------------------------------------------------------    -------------------
    P15                                               0.000     0.000 r  sw[1] (IN)
                         net (fo=0)                   0.000     0.000    sw[1]
    P15                  IBUF (Prop_ibuf_I_O)         1.451     1.451 r  sw_IBUF[1]_inst/O
                         net (fo=4, routed)           2.326     3.777    U_BLINK/sw_IBUF[1]
    SLICE_X42Y55         LUT4 (Prop_lut4_I3_O)        0.150     3.927 r  U_BLINK/counter[0]_i_3/O
                         net (fo=2, routed)           0.936     4.863    U_BLINK/counter[0]_i_3_n_0
    SLICE_X42Y53         LUT5 (Prop_lut5_I0_O)        0.348     5.211 r  U_BLINK/counter[0]_i_1/O
                         net (fo=32, routed)          0.730     5.941    U_BLINK/counter[0]_i_1_n_0
    SLICE_X43Y57         FDRE                                         r  U_BLINK/counter_reg[25]/R
  -------------------------------------------------------------------    -------------------

                         (clock sys_clk_pin rise edge)
                                                      0.000     0.000 r  
    K17                                               0.000     0.000 r  sys_clk (IN)
                         net (fo=0)                   0.000     0.000    sys_clk
    K17                  IBUF (Prop_ibuf_I_O)         1.421     1.421 r  sys_clk_IBUF_inst/O
                         net (fo=1, routed)           1.880     3.301    sys_clk_IBUF
    BUFGCTRL_X0Y16       BUFG (Prop_bufg_I_O)         0.091     3.392 r  sys_clk_IBUF_BUFG_inst/O
                         net (fo=33, routed)          1.562     4.954    U_BLINK/sys_clk
    SLICE_X43Y57         FDRE                                         r  U_BLINK/counter_reg[25]/C





Min Delay Paths
--------------------------------------------------------------------------------------
Slack:                    inf
  Source:                 sw[0]
                            (input port)
  Destination:            U_BLINK/led_out_i_reg/D
                            (rising edge-triggered cell FDRE clocked by sys_clk_pin  {rise@0.000ns fall@4.000ns period=8.000ns})
  Path Group:             (none)
  Path Type:              Hold (Min at Fast Process Corner)
  Data Path Delay:        1.266ns  (logic 0.382ns (30.224%)  route 0.883ns (69.776%))
  Logic Levels:           3  (IBUF=1 LUT4=1 LUT6=1)
  Clock Path Skew:        2.017ns (DCD - SCD - CPR)
    Destination Clock Delay (DCD):    2.017ns
    Source Clock Delay      (SCD):    0.000ns
    Clock Pessimism Removal (CPR):    -0.000ns

    Location             Delay type                Incr(ns)  Path(ns)    Netlist Resource(s)
  -------------------------------------------------------------------    -------------------
    G15                                               0.000     0.000 r  sw[0] (IN)
                         net (fo=0)                   0.000     0.000    sw[0]
    G15                  IBUF (Prop_ibuf_I_O)         0.220     0.220 r  sw_IBUF[0]_inst/O
                         net (fo=4, routed)           0.559     0.780    U_BLINK/sw_IBUF[0]
    SLICE_X42Y55         LUT4 (Prop_lut4_I2_O)        0.044     0.824 f  U_BLINK/counter[0]_i_3/O
                         net (fo=2, routed)           0.324     1.148    U_BLINK/counter[0]_i_3_n_0
    SLICE_X42Y53         LUT6 (Prop_lut6_I5_O)        0.118     1.266 r  U_BLINK/led_out_i_i_1/O
                         net (fo=1, routed)           0.000     1.266    U_BLINK/led_out_i_i_1_n_0
    SLICE_X42Y53         FDRE                                         r  U_BLINK/led_out_i_reg/D
  -------------------------------------------------------------------    -------------------

                         (clock sys_clk_pin rise edge)
                                                      0.000     0.000 r  
    K17                                               0.000     0.000 r  sys_clk (IN)
                         net (fo=0)                   0.000     0.000    sys_clk
    K17                  IBUF (Prop_ibuf_I_O)         0.447     0.447 r  sys_clk_IBUF_inst/O
                         net (fo=1, routed)           0.683     1.130    sys_clk_IBUF
    BUFGCTRL_X0Y16       BUFG (Prop_bufg_I_O)         0.029     1.159 r  sys_clk_IBUF_BUFG_inst/O
                         net (fo=33, routed)          0.858     2.017    U_BLINK/sys_clk
    SLICE_X42Y53         FDRE                                         r  U_BLINK/led_out_i_reg/C

Slack:                    inf
  Source:                 sw[0]
                            (input port)
  Destination:            U_BLINK/counter_reg[4]/R
                            (rising edge-triggered cell FDRE clocked by sys_clk_pin  {rise@0.000ns fall@4.000ns period=8.000ns})
  Path Group:             (none)
  Path Type:              Hold (Min at Fast Process Corner)
  Data Path Delay:        1.430ns  (logic 0.382ns (26.743%)  route 1.048ns (73.257%))
  Logic Levels:           3  (IBUF=1 LUT4=1 LUT5=1)
  Clock Path Skew:        2.018ns (DCD - SCD - CPR)
    Destination Clock Delay (DCD):    2.018ns
    Source Clock Delay      (SCD):    0.000ns
    Clock Pessimism Removal (CPR):    -0.000ns

    Location             Delay type                Incr(ns)  Path(ns)    Netlist Resource(s)
  -------------------------------------------------------------------    -------------------
    G15                                               0.000     0.000 r  sw[0] (IN)
                         net (fo=0)                   0.000     0.000    sw[0]
    G15                  IBUF (Prop_ibuf_I_O)         0.220     0.220 r  sw_IBUF[0]_inst/O
                         net (fo=4, routed)           0.559     0.780    U_BLINK/sw_IBUF[0]
    SLICE_X42Y55         LUT4 (Prop_lut4_I2_O)        0.044     0.824 r  U_BLINK/counter[0]_i_3/O
                         net (fo=2, routed)           0.323     1.147    U_BLINK/counter[0]_i_3_n_0
    SLICE_X42Y53         LUT5 (Prop_lut5_I0_O)        0.118     1.265 r  U_BLINK/counter[0]_i_1/O
                         net (fo=32, routed)          0.166     1.430    U_BLINK/counter[0]_i_1_n_0
    SLICE_X43Y52         FDRE                                         r  U_BLINK/counter_reg[4]/R
  -------------------------------------------------------------------    -------------------

                         (clock sys_clk_pin rise edge)
                                                      0.000     0.000 r  
    K17                                               0.000     0.000 r  sys_clk (IN)
                         net (fo=0)                   0.000     0.000    sys_clk
    K17                  IBUF (Prop_ibuf_I_O)         0.447     0.447 r  sys_clk_IBUF_inst/O
                         net (fo=1, routed)           0.683     1.130    sys_clk_IBUF
    BUFGCTRL_X0Y16       BUFG (Prop_bufg_I_O)         0.029     1.159 r  sys_clk_IBUF_BUFG_inst/O
                         net (fo=33, routed)          0.859     2.018    U_BLINK/sys_clk
    SLICE_X43Y52         FDRE                                         r  U_BLINK/counter_reg[4]/C

Slack:                    inf
  Source:                 sw[0]
                            (input port)
  Destination:            U_BLINK/counter_reg[5]/R
                            (rising edge-triggered cell FDRE clocked by sys_clk_pin  {rise@0.000ns fall@4.000ns period=8.000ns})
  Path Group:             (none)
  Path Type:              Hold (Min at Fast Process Corner)
  Data Path Delay:        1.430ns  (logic 0.382ns (26.743%)  route 1.048ns (73.257%))
  Logic Levels:           3  (IBUF=1 LUT4=1 LUT5=1)
  Clock Path Skew:        2.018ns (DCD - SCD - CPR)
    Destination Clock Delay (DCD):    2.018ns
    Source Clock Delay      (SCD):    0.000ns
    Clock Pessimism Removal (CPR):    -0.000ns

    Location             Delay type                Incr(ns)  Path(ns)    Netlist Resource(s)
  -------------------------------------------------------------------    -------------------
    G15                                               0.000     0.000 r  sw[0] (IN)
                         net (fo=0)                   0.000     0.000    sw[0]
    G15                  IBUF (Prop_ibuf_I_O)         0.220     0.220 r  sw_IBUF[0]_inst/O
                         net (fo=4, routed)           0.559     0.780    U_BLINK/sw_IBUF[0]
    SLICE_X42Y55         LUT4 (Prop_lut4_I2_O)        0.044     0.824 r  U_BLINK/counter[0]_i_3/O
                         net (fo=2, routed)           0.323     1.147    U_BLINK/counter[0]_i_3_n_0
    SLICE_X42Y53         LUT5 (Prop_lut5_I0_O)        0.118     1.265 r  U_BLINK/counter[0]_i_1/O
                         net (fo=32, routed)          0.166     1.430    U_BLINK/counter[0]_i_1_n_0
    SLICE_X43Y52         FDRE                                         r  U_BLINK/counter_reg[5]/R
  -------------------------------------------------------------------    -------------------

                         (clock sys_clk_pin rise edge)
                                                      0.000     0.000 r  
    K17                                               0.000     0.000 r  sys_clk (IN)
                         net (fo=0)                   0.000     0.000    sys_clk
    K17                  IBUF (Prop_ibuf_I_O)         0.447     0.447 r  sys_clk_IBUF_inst/O
                         net (fo=1, routed)           0.683     1.130    sys_clk_IBUF
    BUFGCTRL_X0Y16       BUFG (Prop_bufg_I_O)         0.029     1.159 r  sys_clk_IBUF_BUFG_inst/O
                         net (fo=33, routed)          0.859     2.018    U_BLINK/sys_clk
    SLICE_X43Y52         FDRE                                         r  U_BLINK/counter_reg[5]/C

Slack:                    inf
  Source:                 sw[0]
                            (input port)
  Destination:            U_BLINK/counter_reg[6]/R
                            (rising edge-triggered cell FDRE clocked by sys_clk_pin  {rise@0.000ns fall@4.000ns period=8.000ns})
  Path Group:             (none)
  Path Type:              Hold (Min at Fast Process Corner)
  Data Path Delay:        1.430ns  (logic 0.382ns (26.743%)  route 1.048ns (73.257%))
  Logic Levels:           3  (IBUF=1 LUT4=1 LUT5=1)
  Clock Path Skew:        2.018ns (DCD - SCD - CPR)
    Destination Clock Delay (DCD):    2.018ns
    Source Clock Delay      (SCD):    0.000ns
    Clock Pessimism Removal (CPR):    -0.000ns

    Location             Delay type                Incr(ns)  Path(ns)    Netlist Resource(s)
  -------------------------------------------------------------------    -------------------
    G15                                               0.000     0.000 r  sw[0] (IN)
                         net (fo=0)                   0.000     0.000    sw[0]
    G15                  IBUF (Prop_ibuf_I_O)         0.220     0.220 r  sw_IBUF[0]_inst/O
                         net (fo=4, routed)           0.559     0.780    U_BLINK/sw_IBUF[0]
    SLICE_X42Y55         LUT4 (Prop_lut4_I2_O)        0.044     0.824 r  U_BLINK/counter[0]_i_3/O
                         net (fo=2, routed)           0.323     1.147    U_BLINK/counter[0]_i_3_n_0
    SLICE_X42Y53         LUT5 (Prop_lut5_I0_O)        0.118     1.265 r  U_BLINK/counter[0]_i_1/O
                         net (fo=32, routed)          0.166     1.430    U_BLINK/counter[0]_i_1_n_0
    SLICE_X43Y52         FDRE                                         r  U_BLINK/counter_reg[6]/R
  -------------------------------------------------------------------    -------------------

                         (clock sys_clk_pin rise edge)
                                                      0.000     0.000 r  
    K17                                               0.000     0.000 r  sys_clk (IN)
                         net (fo=0)                   0.000     0.000    sys_clk
    K17                  IBUF (Prop_ibuf_I_O)         0.447     0.447 r  sys_clk_IBUF_inst/O
                         net (fo=1, routed)           0.683     1.130    sys_clk_IBUF
    BUFGCTRL_X0Y16       BUFG (Prop_bufg_I_O)         0.029     1.159 r  sys_clk_IBUF_BUFG_inst/O
                         net (fo=33, routed)          0.859     2.018    U_BLINK/sys_clk
    SLICE_X43Y52         FDRE                                         r  U_BLINK/counter_reg[6]/C

Slack:                    inf
  Source:                 sw[0]
                            (input port)
  Destination:            U_BLINK/counter_reg[7]/R
                            (rising edge-triggered cell FDRE clocked by sys_clk_pin  {rise@0.000ns fall@4.000ns period=8.000ns})
  Path Group:             (none)
  Path Type:              Hold (Min at Fast Process Corner)
  Data Path Delay:        1.430ns  (logic 0.382ns (26.743%)  route 1.048ns (73.257%))
  Logic Levels:           3  (IBUF=1 LUT4=1 LUT5=1)
  Clock Path Skew:        2.018ns (DCD - SCD - CPR)
    Destination Clock Delay (DCD):    2.018ns
    Source Clock Delay      (SCD):    0.000ns
    Clock Pessimism Removal (CPR):    -0.000ns

    Location             Delay type                Incr(ns)  Path(ns)    Netlist Resource(s)
  -------------------------------------------------------------------    -------------------
    G15                                               0.000     0.000 r  sw[0] (IN)
                         net (fo=0)                   0.000     0.000    sw[0]
    G15                  IBUF (Prop_ibuf_I_O)         0.220     0.220 r  sw_IBUF[0]_inst/O
                         net (fo=4, routed)           0.559     0.780    U_BLINK/sw_IBUF[0]
    SLICE_X42Y55         LUT4 (Prop_lut4_I2_O)        0.044     0.824 r  U_BLINK/counter[0]_i_3/O
                         net (fo=2, routed)           0.323     1.147    U_BLINK/counter[0]_i_3_n_0
    SLICE_X42Y53         LUT5 (Prop_lut5_I0_O)        0.118     1.265 r  U_BLINK/counter[0]_i_1/O
                         net (fo=32, routed)          0.166     1.430    U_BLINK/counter[0]_i_1_n_0
    SLICE_X43Y52         FDRE                                         r  U_BLINK/counter_reg[7]/R
  -------------------------------------------------------------------    -------------------

                         (clock sys_clk_pin rise edge)
                                                      0.000     0.000 r  
    K17                                               0.000     0.000 r  sys_clk (IN)
                         net (fo=0)                   0.000     0.000    sys_clk
    K17                  IBUF (Prop_ibuf_I_O)         0.447     0.447 r  sys_clk_IBUF_inst/O
                         net (fo=1, routed)           0.683     1.130    sys_clk_IBUF
    BUFGCTRL_X0Y16       BUFG (Prop_bufg_I_O)         0.029     1.159 r  sys_clk_IBUF_BUFG_inst/O
                         net (fo=33, routed)          0.859     2.018    U_BLINK/sys_clk
    SLICE_X43Y52         FDRE                                         r  U_BLINK/counter_reg[7]/C

Slack:                    inf
  Source:                 sw[0]
                            (input port)
  Destination:            U_BLINK/counter_reg[0]/R
                            (rising edge-triggered cell FDRE clocked by sys_clk_pin  {rise@0.000ns fall@4.000ns period=8.000ns})
  Path Group:             (none)
  Path Type:              Hold (Min at Fast Process Corner)
  Data Path Delay:        1.484ns  (logic 0.382ns (25.772%)  route 1.102ns (74.228%))
  Logic Levels:           3  (IBUF=1 LUT4=1 LUT5=1)
  Clock Path Skew:        2.018ns (DCD - SCD - CPR)
    Destination Clock Delay (DCD):    2.018ns
    Source Clock Delay      (SCD):    0.000ns
    Clock Pessimism Removal (CPR):    -0.000ns

    Location             Delay type                Incr(ns)  Path(ns)    Netlist Resource(s)
  -------------------------------------------------------------------    -------------------
    G15                                               0.000     0.000 r  sw[0] (IN)
                         net (fo=0)                   0.000     0.000    sw[0]
    G15                  IBUF (Prop_ibuf_I_O)         0.220     0.220 r  sw_IBUF[0]_inst/O
                         net (fo=4, routed)           0.559     0.780    U_BLINK/sw_IBUF[0]
    SLICE_X42Y55         LUT4 (Prop_lut4_I2_O)        0.044     0.824 r  U_BLINK/counter[0]_i_3/O
                         net (fo=2, routed)           0.323     1.147    U_BLINK/counter[0]_i_3_n_0
    SLICE_X42Y53         LUT5 (Prop_lut5_I0_O)        0.118     1.265 r  U_BLINK/counter[0]_i_1/O
                         net (fo=32, routed)          0.220     1.484    U_BLINK/counter[0]_i_1_n_0
    SLICE_X43Y51         FDRE                                         r  U_BLINK/counter_reg[0]/R
  -------------------------------------------------------------------    -------------------

                         (clock sys_clk_pin rise edge)
                                                      0.000     0.000 r  
    K17                                               0.000     0.000 r  sys_clk (IN)
                         net (fo=0)                   0.000     0.000    sys_clk
    K17                  IBUF (Prop_ibuf_I_O)         0.447     0.447 r  sys_clk_IBUF_inst/O
                         net (fo=1, routed)           0.683     1.130    sys_clk_IBUF
    BUFGCTRL_X0Y16       BUFG (Prop_bufg_I_O)         0.029     1.159 r  sys_clk_IBUF_BUFG_inst/O
                         net (fo=33, routed)          0.859     2.018    U_BLINK/sys_clk
    SLICE_X43Y51         FDRE                                         r  U_BLINK/counter_reg[0]/C

Slack:                    inf
  Source:                 sw[0]
                            (input port)
  Destination:            U_BLINK/counter_reg[1]/R
                            (rising edge-triggered cell FDRE clocked by sys_clk_pin  {rise@0.000ns fall@4.000ns period=8.000ns})
  Path Group:             (none)
  Path Type:              Hold (Min at Fast Process Corner)
  Data Path Delay:        1.484ns  (logic 0.382ns (25.772%)  route 1.102ns (74.228%))
  Logic Levels:           3  (IBUF=1 LUT4=1 LUT5=1)
  Clock Path Skew:        2.018ns (DCD - SCD - CPR)
    Destination Clock Delay (DCD):    2.018ns
    Source Clock Delay      (SCD):    0.000ns
    Clock Pessimism Removal (CPR):    -0.000ns

    Location             Delay type                Incr(ns)  Path(ns)    Netlist Resource(s)
  -------------------------------------------------------------------    -------------------
    G15                                               0.000     0.000 r  sw[0] (IN)
                         net (fo=0)                   0.000     0.000    sw[0]
    G15                  IBUF (Prop_ibuf_I_O)         0.220     0.220 r  sw_IBUF[0]_inst/O
                         net (fo=4, routed)           0.559     0.780    U_BLINK/sw_IBUF[0]
    SLICE_X42Y55         LUT4 (Prop_lut4_I2_O)        0.044     0.824 r  U_BLINK/counter[0]_i_3/O
                         net (fo=2, routed)           0.323     1.147    U_BLINK/counter[0]_i_3_n_0
    SLICE_X42Y53         LUT5 (Prop_lut5_I0_O)        0.118     1.265 r  U_BLINK/counter[0]_i_1/O
                         net (fo=32, routed)          0.220     1.484    U_BLINK/counter[0]_i_1_n_0
    SLICE_X43Y51         FDRE                                         r  U_BLINK/counter_reg[1]/R
  -------------------------------------------------------------------    -------------------

                         (clock sys_clk_pin rise edge)
                                                      0.000     0.000 r  
    K17                                               0.000     0.000 r  sys_clk (IN)
                         net (fo=0)                   0.000     0.000    sys_clk
    K17                  IBUF (Prop_ibuf_I_O)         0.447     0.447 r  sys_clk_IBUF_inst/O
                         net (fo=1, routed)           0.683     1.130    sys_clk_IBUF
    BUFGCTRL_X0Y16       BUFG (Prop_bufg_I_O)         0.029     1.159 r  sys_clk_IBUF_BUFG_inst/O
                         net (fo=33, routed)          0.859     2.018    U_BLINK/sys_clk
    SLICE_X43Y51         FDRE                                         r  U_BLINK/counter_reg[1]/C

Slack:                    inf
  Source:                 sw[0]
                            (input port)
  Destination:            U_BLINK/counter_reg[2]/R
                            (rising edge-triggered cell FDRE clocked by sys_clk_pin  {rise@0.000ns fall@4.000ns period=8.000ns})
  Path Group:             (none)
  Path Type:              Hold (Min at Fast Process Corner)
  Data Path Delay:        1.484ns  (logic 0.382ns (25.772%)  route 1.102ns (74.228%))
  Logic Levels:           3  (IBUF=1 LUT4=1 LUT5=1)
  Clock Path Skew:        2.018ns (DCD - SCD - CPR)
    Destination Clock Delay (DCD):    2.018ns
    Source Clock Delay      (SCD):    0.000ns
    Clock Pessimism Removal (CPR):    -0.000ns

    Location             Delay type                Incr(ns)  Path(ns)    Netlist Resource(s)
  -------------------------------------------------------------------    -------------------
    G15                                               0.000     0.000 r  sw[0] (IN)
                         net (fo=0)                   0.000     0.000    sw[0]
    G15                  IBUF (Prop_ibuf_I_O)         0.220     0.220 r  sw_IBUF[0]_inst/O
                         net (fo=4, routed)           0.559     0.780    U_BLINK/sw_IBUF[0]
    SLICE_X42Y55         LUT4 (Prop_lut4_I2_O)        0.044     0.824 r  U_BLINK/counter[0]_i_3/O
                         net (fo=2, routed)           0.323     1.147    U_BLINK/counter[0]_i_3_n_0
    SLICE_X42Y53         LUT5 (Prop_lut5_I0_O)        0.118     1.265 r  U_BLINK/counter[0]_i_1/O
                         net (fo=32, routed)          0.220     1.484    U_BLINK/counter[0]_i_1_n_0
    SLICE_X43Y51         FDRE                                         r  U_BLINK/counter_reg[2]/R
  -------------------------------------------------------------------    -------------------

                         (clock sys_clk_pin rise edge)
                                                      0.000     0.000 r  
    K17                                               0.000     0.000 r  sys_clk (IN)
                         net (fo=0)                   0.000     0.000    sys_clk
    K17                  IBUF (Prop_ibuf_I_O)         0.447     0.447 r  sys_clk_IBUF_inst/O
                         net (fo=1, routed)           0.683     1.130    sys_clk_IBUF
    BUFGCTRL_X0Y16       BUFG (Prop_bufg_I_O)         0.029     1.159 r  sys_clk_IBUF_BUFG_inst/O
                         net (fo=33, routed)          0.859     2.018    U_BLINK/sys_clk
    SLICE_X43Y51         FDRE                                         r  U_BLINK/counter_reg[2]/C

Slack:                    inf
  Source:                 sw[0]
                            (input port)
  Destination:            U_BLINK/counter_reg[3]/R
                            (rising edge-triggered cell FDRE clocked by sys_clk_pin  {rise@0.000ns fall@4.000ns period=8.000ns})
  Path Group:             (none)
  Path Type:              Hold (Min at Fast Process Corner)
  Data Path Delay:        1.484ns  (logic 0.382ns (25.772%)  route 1.102ns (74.228%))
  Logic Levels:           3  (IBUF=1 LUT4=1 LUT5=1)
  Clock Path Skew:        2.018ns (DCD - SCD - CPR)
    Destination Clock Delay (DCD):    2.018ns
    Source Clock Delay      (SCD):    0.000ns
    Clock Pessimism Removal (CPR):    -0.000ns

    Location             Delay type                Incr(ns)  Path(ns)    Netlist Resource(s)
  -------------------------------------------------------------------    -------------------
    G15                                               0.000     0.000 r  sw[0] (IN)
                         net (fo=0)                   0.000     0.000    sw[0]
    G15                  IBUF (Prop_ibuf_I_O)         0.220     0.220 r  sw_IBUF[0]_inst/O
                         net (fo=4, routed)           0.559     0.780    U_BLINK/sw_IBUF[0]
    SLICE_X42Y55         LUT4 (Prop_lut4_I2_O)        0.044     0.824 r  U_BLINK/counter[0]_i_3/O
                         net (fo=2, routed)           0.323     1.147    U_BLINK/counter[0]_i_3_n_0
    SLICE_X42Y53         LUT5 (Prop_lut5_I0_O)        0.118     1.265 r  U_BLINK/counter[0]_i_1/O
                         net (fo=32, routed)          0.220     1.484    U_BLINK/counter[0]_i_1_n_0
    SLICE_X43Y51         FDRE                                         r  U_BLINK/counter_reg[3]/R
  -------------------------------------------------------------------    -------------------

                         (clock sys_clk_pin rise edge)
                                                      0.000     0.000 r  
    K17                                               0.000     0.000 r  sys_clk (IN)
                         net (fo=0)                   0.000     0.000    sys_clk
    K17                  IBUF (Prop_ibuf_I_O)         0.447     0.447 r  sys_clk_IBUF_inst/O
                         net (fo=1, routed)           0.683     1.130    sys_clk_IBUF
    BUFGCTRL_X0Y16       BUFG (Prop_bufg_I_O)         0.029     1.159 r  sys_clk_IBUF_BUFG_inst/O
                         net (fo=33, routed)          0.859     2.018    U_BLINK/sys_clk
    SLICE_X43Y51         FDRE                                         r  U_BLINK/counter_reg[3]/C

Slack:                    inf
  Source:                 sw[0]
                            (input port)
  Destination:            U_BLINK/counter_reg[16]/R
                            (rising edge-triggered cell FDRE clocked by sys_clk_pin  {rise@0.000ns fall@4.000ns period=8.000ns})
  Path Group:             (none)
  Path Type:              Hold (Min at Fast Process Corner)
  Data Path Delay:        1.503ns  (logic 0.382ns (25.441%)  route 1.121ns (74.559%))
  Logic Levels:           3  (IBUF=1 LUT4=1 LUT5=1)
  Clock Path Skew:        2.017ns (DCD - SCD - CPR)
    Destination Clock Delay (DCD):    2.017ns
    Source Clock Delay      (SCD):    0.000ns
    Clock Pessimism Removal (CPR):    -0.000ns

    Location             Delay type                Incr(ns)  Path(ns)    Netlist Resource(s)
  -------------------------------------------------------------------    -------------------
    G15                                               0.000     0.000 r  sw[0] (IN)
                         net (fo=0)                   0.000     0.000    sw[0]
    G15                  IBUF (Prop_ibuf_I_O)         0.220     0.220 r  sw_IBUF[0]_inst/O
                         net (fo=4, routed)           0.559     0.780    U_BLINK/sw_IBUF[0]
    SLICE_X42Y55         LUT4 (Prop_lut4_I2_O)        0.044     0.824 r  U_BLINK/counter[0]_i_3/O
                         net (fo=2, routed)           0.323     1.147    U_BLINK/counter[0]_i_3_n_0
    SLICE_X42Y53         LUT5 (Prop_lut5_I0_O)        0.118     1.265 r  U_BLINK/counter[0]_i_1/O
                         net (fo=32, routed)          0.239     1.503    U_BLINK/counter[0]_i_1_n_0
    SLICE_X43Y55         FDRE                                         r  U_BLINK/counter_reg[16]/R
  -------------------------------------------------------------------    -------------------

                         (clock sys_clk_pin rise edge)
                                                      0.000     0.000 r  
    K17                                               0.000     0.000 r  sys_clk (IN)
                         net (fo=0)                   0.000     0.000    sys_clk
    K17                  IBUF (Prop_ibuf_I_O)         0.447     0.447 r  sys_clk_IBUF_inst/O
                         net (fo=1, routed)           0.683     1.130    sys_clk_IBUF
    BUFGCTRL_X0Y16       BUFG (Prop_bufg_I_O)         0.029     1.159 r  sys_clk_IBUF_BUFG_inst/O
                         net (fo=33, routed)          0.858     2.017    U_BLINK/sys_clk
    SLICE_X43Y55         FDRE                                         r  U_BLINK/counter_reg[16]/C





